,Country,CountryCode,Province,City,CityCode,Lat,Lon,Cases,Status,Date,NewCases
0,Singapore,SG,,,,1.35,103.82,0,confirmed,2020-01-22T00:00:00Z,0.0
1,Singapore,SG,,,,1.35,103.82,1,confirmed,2020-01-23T00:00:00Z,1.0
2,Singapore,SG,,,,1.35,103.82,3,confirmed,2020-01-24T00:00:00Z,2.0
3,Singapore,SG,,,,1.35,103.82,3,confirmed,2020-01-25T00:00:00Z,0.0
4,Singapore,SG,,,,1.35,103.82,4,confirmed,2020-01-26T00:00:00Z,1.0
5,Singapore,SG,,,,1.35,103.82,5,confirmed,2020-01-27T00:00:00Z,1.0
6,Singapore,SG,,,,1.35,103.82,7,confirmed,2020-01-28T00:00:00Z,2.0
7,Singapore,SG,,,,1.35,103.82,7,confirmed,2020-01-29T00:00:00Z,0.0
8,Singapore,SG,,,,1.35,103.82,10,confirmed,2020-01-30T00:00:00Z,3.0
9,Singapore,SG,,,,1.35,103.82,13,confirmed,2020-01-31T00:00:00Z,3.0
10,Singapore,SG,,,,1.35,103.82,16,confirmed,2020-02-01T00:00:00Z,3.0
11,Singapore,SG,,,,1.35,103.82,18,confirmed,2020-02-02T00:00:00Z,2.0
12,Singapore,SG,,,,1.35,103.82,18,confirmed,2020-02-03T00:00:00Z,0.0
13,Singapore,SG,,,,1.35,103.82,24,confirmed,2020-02-04T00:00:00Z,6.0
14,Singapore,SG,,,,1.35,103.82,28,confirmed,2020-02-05T00:00:00Z,4.0
15,Singapore,SG,,,,1.35,103.82,28,confirmed,2020-02-06T00:00:00Z,0.0
16,Singapore,SG,,,,1.35,103.82,30,confirmed,2020-02-07T00:00:00Z,2.0
17,Singapore,SG,,,,1.35,103.82,33,confirmed,2020-02-08T00:00:00Z,3.0
18,Singapore,SG,,,,1.35,103.82,40,confirmed,2020-02-09T00:00:00Z,7.0
19,Singapore,SG,,,,1.35,103.82,45,confirmed,2020-02-10T00:00:00Z,5.0
20,Singapore,SG,,,,1.35,103.82,47,confirmed,2020-02-11T00:00:00Z,2.0
21,Singapore,SG,,,,1.35,103.82,50,confirmed,2020-02-12T00:00:00Z,3.0
22,Singapore,SG,,,,1.35,103.82,58,confirmed,2020-02-13T00:00:00Z,8.0
23,Singapore,SG,,,,1.35,103.82,67,confirmed,2020-02-14T00:00:00Z,9.0
24,Singapore,SG,,,,1.35,103.82,72,confirmed,2020-02-15T00:00:00Z,5.0
25,Singapore,SG,,,,1.35,103.82,75,confirmed,2020-02-16T00:00:00Z,3.0
26,Singapore,SG,,,,1.35,103.82,77,confirmed,2020-02-17T00:00:00Z,2.0
27,Singapore,SG,,,,1.35,103.82,81,confirmed,2020-02-18T00:00:00Z,4.0
28,Singapore,SG,,,,1.35,103.82,84,confirmed,2020-02-19T00:00:00Z,3.0
29,Singapore,SG,,,,1.35,103.82,84,confirmed,2020-02-20T00:00:00Z,0.0
30,Singapore,SG,,,,1.35,103.82,85,confirmed,2020-02-21T00:00:00Z,1.0
31,Singapore,SG,,,,1.35,103.82,85,confirmed,2020-02-22T00:00:00Z,0.0
32,Singapore,SG,,,,1.35,103.82,89,confirmed,2020-02-23T00:00:00Z,4.0
33,Singapore,SG,,,,1.35,103.82,89,confirmed,2020-02-24T00:00:00Z,0.0
34,Singapore,SG,,,,1.35,103.82,91,confirmed,2020-02-25T00:00:00Z,2.0
35,Singapore,SG,,,,1.35,103.82,93,confirmed,2020-02-26T00:00:00Z,2.0
36,Singapore,SG,,,,1.35,103.82,93,confirmed,2020-02-27T00:00:00Z,0.0
37,Singapore,SG,,,,1.35,103.82,93,confirmed,2020-02-28T00:00:00Z,0.0
38,Singapore,SG,,,,1.35,103.82,102,confirmed,2020-02-29T00:00:00Z,9.0
39,Singapore,SG,,,,1.35,103.82,106,confirmed,2020-03-01T00:00:00Z,4.0
40,Singapore,SG,,,,1.35,103.82,108,confirmed,2020-03-02T00:00:00Z,2.0
41,Singapore,SG,,,,1.35,103.82,110,confirmed,2020-03-03T00:00:00Z,2.0
42,Singapore,SG,,,,1.35,103.82,110,confirmed,2020-03-04T00:00:00Z,0.0
43,Singapore,SG,,,,1.35,103.82,117,confirmed,2020-03-05T00:00:00Z,7.0
44,Singapore,SG,,,,1.35,103.82,130,confirmed,2020-03-06T00:00:00Z,13.0
45,Singapore,SG,,,,1.35,103.82,138,confirmed,2020-03-07T00:00:00Z,8.0
46,Singapore,SG,,,,1.35,103.82,150,confirmed,2020-03-08T00:00:00Z,12.0
47,Singapore,SG,,,,1.35,103.82,150,confirmed,2020-03-09T00:00:00Z,0.0
48,Singapore,SG,,,,1.35,103.82,160,confirmed,2020-03-10T00:00:00Z,10.0
49,Singapore,SG,,,,1.35,103.82,178,confirmed,2020-03-11T00:00:00Z,18.0
50,Singapore,SG,,,,1.35,103.82,178,confirmed,2020-03-12T00:00:00Z,0.0
51,Singapore,SG,,,,1.35,103.82,200,confirmed,2020-03-13T00:00:00Z,22.0
52,Singapore,SG,,,,1.35,103.82,212,confirmed,2020-03-14T00:00:00Z,12.0
53,Singapore,SG,,,,1.35,103.82,226,confirmed,2020-03-15T00:00:00Z,14.0
54,Singapore,SG,,,,1.35,103.82,243,confirmed,2020-03-16T00:00:00Z,17.0
55,Singapore,SG,,,,1.35,103.82,266,confirmed,2020-03-17T00:00:00Z,23.0
56,Singapore,SG,,,,1.35,103.82,313,confirmed,2020-03-18T00:00:00Z,47.0
57,Singapore,SG,,,,1.35,103.82,345,confirmed,2020-03-19T00:00:00Z,32.0
58,Singapore,SG,,,,1.35,103.82,385,confirmed,2020-03-20T00:00:00Z,40.0
59,Singapore,SG,,,,1.35,103.82,432,confirmed,2020-03-21T00:00:00Z,47.0
60,Singapore,SG,,,,1.35,103.82,455,confirmed,2020-03-22T00:00:00Z,23.0
61,Singapore,SG,,,,1.35,103.82,509,confirmed,2020-03-23T00:00:00Z,54.0
62,Singapore,SG,,,,1.35,103.82,558,confirmed,2020-03-24T00:00:00Z,49.0
63,Singapore,SG,,,,1.35,103.82,631,confirmed,2020-03-25T00:00:00Z,73.0
64,Singapore,SG,,,,1.35,103.82,683,confirmed,2020-03-26T00:00:00Z,52.0
65,Singapore,SG,,,,1.35,103.82,732,confirmed,2020-03-27T00:00:00Z,49.0
66,Singapore,SG,,,,1.35,103.82,802,confirmed,2020-03-28T00:00:00Z,70.0
67,Singapore,SG,,,,1.35,103.82,844,confirmed,2020-03-29T00:00:00Z,42.0
68,Singapore,SG,,,,1.35,103.82,879,confirmed,2020-03-30T00:00:00Z,35.0
69,Singapore,SG,,,,1.35,103.82,926,confirmed,2020-03-31T00:00:00Z,47.0
70,Singapore,SG,,,,1.35,103.82,1000,confirmed,2020-04-01T00:00:00Z,74.0
71,Singapore,SG,,,,1.35,103.82,1049,confirmed,2020-04-02T00:00:00Z,49.0
72,Singapore,SG,,,,1.35,103.82,1114,confirmed,2020-04-03T00:00:00Z,65.0
73,Singapore,SG,,,,1.35,103.82,1189,confirmed,2020-04-04T00:00:00Z,75.0
74,Singapore,SG,,,,1.35,103.82,1309,confirmed,2020-04-05T00:00:00Z,120.0
75,Singapore,SG,,,,1.35,103.82,1375,confirmed,2020-04-06T00:00:00Z,66.0
76,Singapore,SG,,,,1.35,103.82,1481,confirmed,2020-04-07T00:00:00Z,106.0
77,Singapore,SG,,,,1.35,103.82,1623,confirmed,2020-04-08T00:00:00Z,142.0
78,Singapore,SG,,,,1.35,103.82,1910,confirmed,2020-04-09T00:00:00Z,287.0
79,Singapore,SG,,,,1.35,103.82,2108,confirmed,2020-04-10T00:00:00Z,198.0
80,Singapore,SG,,,,1.35,103.82,2299,confirmed,2020-04-11T00:00:00Z,191.0
81,Singapore,SG,,,,1.35,103.82,2532,confirmed,2020-04-12T00:00:00Z,233.0
82,Singapore,SG,,,,1.35,103.82,2918,confirmed,2020-04-13T00:00:00Z,386.0
83,Singapore,SG,,,,1.35,103.82,3252,confirmed,2020-04-14T00:00:00Z,334.0
84,Singapore,SG,,,,1.35,103.82,3699,confirmed,2020-04-15T00:00:00Z,447.0
85,Singapore,SG,,,,1.35,103.82,4427,confirmed,2020-04-16T00:00:00Z,728.0
86,Singapore,SG,,,,1.35,103.82,5050,confirmed,2020-04-17T00:00:00Z,623.0
87,Singapore,SG,,,,1.35,103.82,5992,confirmed,2020-04-18T00:00:00Z,942.0
88,Singapore,SG,,,,1.35,103.82,6588,confirmed,2020-04-19T00:00:00Z,596.0
89,Singapore,SG,,,,1.35,103.82,8014,confirmed,2020-04-20T00:00:00Z,1426.0
90,Singapore,SG,,,,1.35,103.82,9125,confirmed,2020-04-21T00:00:00Z,1111.0
91,Singapore,SG,,,,1.35,103.82,10141,confirmed,2020-04-22T00:00:00Z,1016.0
92,Singapore,SG,,,,1.35,103.82,11178,confirmed,2020-04-23T00:00:00Z,1037.0
93,Singapore,SG,,,,1.35,103.82,12075,confirmed,2020-04-24T00:00:00Z,897.0
94,Singapore,SG,,,,1.35,103.82,12693,confirmed,2020-04-25T00:00:00Z,618.0
95,Singapore,SG,,,,1.35,103.82,13624,confirmed,2020-04-26T00:00:00Z,931.0
96,Singapore,SG,,,,1.35,103.82,14423,confirmed,2020-04-27T00:00:00Z,799.0
97,Singapore,SG,,,,1.35,103.82,14951,confirmed,2020-04-28T00:00:00Z,528.0
98,Singapore,SG,,,,1.35,103.82,15641,confirmed,2020-04-29T00:00:00Z,690.0
99,Singapore,SG,,,,1.35,103.82,16169,confirmed,2020-04-30T00:00:00Z,528.0
100,Singapore,SG,,,,1.35,103.82,17101,confirmed,2020-05-01T00:00:00Z,932.0
101,Singapore,SG,,,,1.35,103.82,17548,confirmed,2020-05-02T00:00:00Z,447.0
102,Singapore,SG,,,,1.35,103.82,18205,confirmed,2020-05-03T00:00:00Z,657.0
103,Singapore,SG,,,,1.35,103.82,18778,confirmed,2020-05-04T00:00:00Z,573.0
104,Singapore,SG,,,,1.35,103.82,19410,confirmed,2020-05-05T00:00:00Z,632.0
105,Singapore,SG,,,,1.35,103.82,20198,confirmed,2020-05-06T00:00:00Z,788.0
106,Singapore,SG,,,,1.35,103.82,20939,confirmed,2020-05-07T00:00:00Z,741.0
107,Singapore,SG,,,,1.35,103.82,21707,confirmed,2020-05-08T00:00:00Z,768.0
108,Singapore,SG,,,,1.35,103.82,22460,confirmed,2020-05-09T00:00:00Z,753.0
109,Singapore,SG,,,,1.35,103.82,23336,confirmed,2020-05-10T00:00:00Z,876.0
110,Singapore,SG,,,,1.35,103.82,23822,confirmed,2020-05-11T00:00:00Z,486.0
111,Singapore,SG,,,,1.35,103.82,24671,confirmed,2020-05-12T00:00:00Z,849.0
112,Singapore,SG,,,,1.35,103.82,25346,confirmed,2020-05-13T00:00:00Z,675.0
113,Singapore,SG,,,,1.35,103.82,26098,confirmed,2020-05-14T00:00:00Z,752.0
114,Singapore,SG,,,,1.35,103.82,26891,confirmed,2020-05-15T00:00:00Z,793.0
115,Singapore,SG,,,,1.35,103.82,27356,confirmed,2020-05-16T00:00:00Z,465.0
116,Singapore,SG,,,,1.35,103.82,28038,confirmed,2020-05-17T00:00:00Z,682.0
117,Singapore,SG,,,,1.35,103.82,28343,confirmed,2020-05-18T00:00:00Z,305.0
118,Singapore,SG,,,,1.35,103.82,28794,confirmed,2020-05-19T00:00:00Z,451.0
119,Singapore,SG,,,,1.35,103.82,29364,confirmed,2020-05-20T00:00:00Z,570.0
120,Singapore,SG,,,,1.35,103.82,29812,confirmed,2020-05-21T00:00:00Z,448.0
121,Singapore,SG,,,,1.35,103.82,30426,confirmed,2020-05-22T00:00:00Z,614.0
122,Singapore,SG,,,,1.35,103.82,31068,confirmed,2020-05-23T00:00:00Z,642.0
123,Singapore,SG,,,,1.35,103.82,31616,confirmed,2020-05-24T00:00:00Z,548.0
124,Singapore,SG,,,,1.35,103.82,31960,confirmed,2020-05-25T00:00:00Z,344.0
125,Singapore,SG,,,,1.35,103.82,32343,confirmed,2020-05-26T00:00:00Z,383.0
126,Singapore,SG,,,,1.35,103.82,32876,confirmed,2020-05-27T00:00:00Z,533.0
127,Singapore,SG,,,,1.35,103.82,33249,confirmed,2020-05-28T00:00:00Z,373.0
128,Singapore,SG,,,,1.35,103.82,33860,confirmed,2020-05-29T00:00:00Z,611.0
129,Singapore,SG,,,,1.35,103.82,34366,confirmed,2020-05-30T00:00:00Z,506.0
130,Singapore,SG,,,,1.35,103.82,34884,confirmed,2020-05-31T00:00:00Z,518.0
131,Singapore,SG,,,,1.35,103.82,35292,confirmed,2020-06-01T00:00:00Z,408.0
132,Singapore,SG,,,,1.35,103.82,35836,confirmed,2020-06-02T00:00:00Z,544.0
133,Singapore,SG,,,,1.35,103.82,36405,confirmed,2020-06-03T00:00:00Z,569.0
134,Singapore,SG,,,,1.35,103.82,36922,confirmed,2020-06-04T00:00:00Z,517.0
135,Singapore,SG,,,,1.35,103.82,37183,confirmed,2020-06-05T00:00:00Z,261.0
136,Singapore,SG,,,,1.35,103.82,37527,confirmed,2020-06-06T00:00:00Z,344.0
137,Singapore,SG,,,,1.35,103.82,37910,confirmed,2020-06-07T00:00:00Z,383.0
138,Singapore,SG,,,,1.35,103.82,38296,confirmed,2020-06-08T00:00:00Z,386.0
139,Singapore,SG,,,,1.35,103.82,38514,confirmed,2020-06-09T00:00:00Z,218.0
140,Singapore,SG,,,,1.35,103.82,38965,confirmed,2020-06-10T00:00:00Z,451.0
141,Singapore,SG,,,,1.35,103.82,39387,confirmed,2020-06-11T00:00:00Z,422.0
142,Singapore,SG,,,,1.35,103.82,39850,confirmed,2020-06-12T00:00:00Z,463.0
143,Singapore,SG,,,,1.35,103.82,40197,confirmed,2020-06-13T00:00:00Z,347.0
144,Singapore,SG,,,,1.35,103.82,40604,confirmed,2020-06-14T00:00:00Z,407.0
145,Singapore,SG,,,,1.35,103.82,40818,confirmed,2020-06-15T00:00:00Z,214.0
146,Singapore,SG,,,,1.35,103.82,40969,confirmed,2020-06-16T00:00:00Z,151.0
147,Singapore,SG,,,,1.35,103.82,41216,confirmed,2020-06-17T00:00:00Z,247.0
148,Singapore,SG,,,,1.35,103.82,41473,confirmed,2020-06-18T00:00:00Z,257.0
149,Singapore,SG,,,,1.35,103.82,41615,confirmed,2020-06-19T00:00:00Z,142.0
150,Singapore,SG,,,,1.35,103.82,41833,confirmed,2020-06-20T00:00:00Z,218.0
151,Singapore,SG,,,,1.35,103.82,42095,confirmed,2020-06-21T00:00:00Z,262.0
152,Singapore,SG,,,,1.35,103.82,42313,confirmed,2020-06-22T00:00:00Z,218.0
153,Singapore,SG,,,,1.35,103.82,42432,confirmed,2020-06-23T00:00:00Z,119.0
154,Singapore,SG,,,,1.35,103.82,42623,confirmed,2020-06-24T00:00:00Z,191.0
155,Singapore,SG,,,,1.35,103.82,42736,confirmed,2020-06-25T00:00:00Z,113.0
156,Singapore,SG,,,,1.35,103.82,42955,confirmed,2020-06-26T00:00:00Z,219.0
157,Singapore,SG,,,,1.35,103.82,43246,confirmed,2020-06-27T00:00:00Z,291.0
158,Singapore,SG,,,,1.35,103.82,43459,confirmed,2020-06-28T00:00:00Z,213.0
159,Singapore,SG,,,,1.35,103.82,43661,confirmed,2020-06-29T00:00:00Z,202.0
160,Singapore,SG,,,,1.35,103.82,43907,confirmed,2020-06-30T00:00:00Z,246.0
161,Singapore,SG,,,,1.35,103.82,44122,confirmed,2020-07-01T00:00:00Z,215.0
162,Singapore,SG,,,,1.35,103.82,44310,confirmed,2020-07-02T00:00:00Z,188.0
163,Singapore,SG,,,,1.35,103.82,44479,confirmed,2020-07-03T00:00:00Z,169.0
164,Singapore,SG,,,,1.35,103.82,44664,confirmed,2020-07-04T00:00:00Z,185.0
165,Singapore,SG,,,,1.35,103.82,44800,confirmed,2020-07-05T00:00:00Z,136.0
166,Singapore,SG,,,,1.35,103.82,44983,confirmed,2020-07-06T00:00:00Z,183.0
167,Singapore,SG,,,,1.35,103.82,45140,confirmed,2020-07-07T00:00:00Z,157.0
168,Singapore,SG,,,,1.35,103.82,45298,confirmed,2020-07-08T00:00:00Z,158.0
169,Singapore,SG,,,,1.35,103.82,45423,confirmed,2020-07-09T00:00:00Z,125.0
170,Singapore,SG,,,,1.35,103.82,45614,confirmed,2020-07-10T00:00:00Z,191.0
171,Singapore,SG,,,,1.35,103.82,45783,confirmed,2020-07-11T00:00:00Z,169.0
172,Singapore,SG,,,,1.35,103.82,45961,confirmed,2020-07-12T00:00:00Z,178.0
173,Singapore,SG,,,,1.35,103.82,46283,confirmed,2020-07-13T00:00:00Z,322.0
174,Singapore,SG,,,,1.35,103.82,46630,confirmed,2020-07-14T00:00:00Z,347.0
175,Singapore,SG,,,,1.35,103.82,46878,confirmed,2020-07-15T00:00:00Z,248.0
176,Singapore,SG,,,,1.35,103.82,47126,confirmed,2020-07-16T00:00:00Z,248.0
177,Singapore,SG,,,,1.35,103.82,47453,confirmed,2020-07-17T00:00:00Z,327.0
178,Singapore,SG,,,,1.35,103.82,47655,confirmed,2020-07-18T00:00:00Z,202.0
179,Singapore,SG,,,,1.35,103.82,47912,confirmed,2020-07-19T00:00:00Z,257.0
180,Singapore,SG,,,,1.35,103.82,48035,confirmed,2020-07-20T00:00:00Z,123.0
181,Singapore,SG,,,,1.35,103.82,48434,confirmed,2020-07-21T00:00:00Z,399.0
182,Singapore,SG,,,,1.35,103.82,48744,confirmed,2020-07-22T00:00:00Z,310.0
183,Singapore,SG,,,,1.35,103.82,49098,confirmed,2020-07-23T00:00:00Z,354.0
184,Singapore,SG,,,,1.35,103.82,49375,confirmed,2020-07-24T00:00:00Z,277.0
185,Singapore,SG,,,,1.35,103.82,49888,confirmed,2020-07-25T00:00:00Z,513.0
186,Singapore,SG,,,,1.35,103.82,50369,confirmed,2020-07-26T00:00:00Z,481.0
187,Singapore,SG,,,,1.35,103.82,50838,confirmed,2020-07-27T00:00:00Z,469.0
188,Singapore,SG,,,,1.35,103.82,51197,confirmed,2020-07-28T00:00:00Z,359.0
189,Singapore,SG,,,,1.35,103.82,51531,confirmed,2020-07-29T00:00:00Z,334.0
190,Singapore,SG,,,,1.35,103.82,51809,confirmed,2020-07-30T00:00:00Z,278.0
191,Singapore,SG,,,,1.35,103.82,52205,confirmed,2020-07-31T00:00:00Z,396.0
192,Singapore,SG,,,,1.35,103.82,52512,confirmed,2020-08-01T00:00:00Z,307.0
193,Singapore,SG,,,,1.35,103.82,52825,confirmed,2020-08-02T00:00:00Z,313.0
194,Singapore,SG,,,,1.35,103.82,53051,confirmed,2020-08-03T00:00:00Z,226.0
195,Singapore,SG,,,,1.35,103.82,53346,confirmed,2020-08-04T00:00:00Z,295.0
196,Singapore,SG,,,,1.35,103.82,54254,confirmed,2020-08-05T00:00:00Z,908.0
197,Singapore,SG,,,,1.35,103.82,54555,confirmed,2020-08-06T00:00:00Z,301.0
198,Singapore,SG,,,,1.35,103.82,54797,confirmed,2020-08-07T00:00:00Z,242.0
199,Singapore,SG,,,,1.35,103.82,54929,confirmed,2020-08-08T00:00:00Z,132.0
200,Singapore,SG,,,,1.35,103.82,55104,confirmed,2020-08-09T00:00:00Z,175.0
201,Singapore,SG,,,,1.35,103.82,55292,confirmed,2020-08-10T00:00:00Z,188.0
202,Singapore,SG,,,,1.35,103.82,55353,confirmed,2020-08-11T00:00:00Z,61.0
203,Singapore,SG,,,,1.35,103.82,55395,confirmed,2020-08-12T00:00:00Z,42.0
204,Singapore,SG,,,,1.35,103.82,55497,confirmed,2020-08-13T00:00:00Z,102.0
205,Singapore,SG,,,,1.35,103.82,55580,confirmed,2020-08-14T00:00:00Z,83.0
206,Singapore,SG,,,,1.35,103.82,55661,confirmed,2020-08-15T00:00:00Z,81.0
207,Singapore,SG,,,,1.35,103.82,55747,confirmed,2020-08-16T00:00:00Z,86.0
208,Singapore,SG,,,,1.35,103.82,55838,confirmed,2020-08-17T00:00:00Z,91.0
209,Singapore,SG,,,,1.35,103.82,55938,confirmed,2020-08-18T00:00:00Z,100.0
210,Singapore,SG,,,,1.35,103.82,56031,confirmed,2020-08-19T00:00:00Z,93.0
211,Singapore,SG,,,,1.35,103.82,56099,confirmed,2020-08-20T00:00:00Z,68.0
212,Singapore,SG,,,,1.35,103.82,56216,confirmed,2020-08-21T00:00:00Z,117.0
213,Singapore,SG,,,,1.35,103.82,56266,confirmed,2020-08-22T00:00:00Z,50.0
214,Singapore,SG,,,,1.35,103.82,56353,confirmed,2020-08-23T00:00:00Z,87.0
215,Singapore,SG,,,,1.35,103.82,56404,confirmed,2020-08-24T00:00:00Z,51.0
216,Singapore,SG,,,,1.35,103.82,56435,confirmed,2020-08-25T00:00:00Z,31.0
217,Singapore,SG,,,,1.35,103.82,56495,confirmed,2020-08-26T00:00:00Z,60.0
218,Singapore,SG,,,,1.35,103.82,56572,confirmed,2020-08-27T00:00:00Z,77.0
219,Singapore,SG,,,,1.35,103.82,56666,confirmed,2020-08-28T00:00:00Z,94.0
220,Singapore,SG,,,,1.35,103.82,56717,confirmed,2020-08-29T00:00:00Z,51.0
221,Singapore,SG,,,,1.35,103.82,56771,confirmed,2020-08-30T00:00:00Z,54.0
222,Singapore,SG,,,,1.35,103.82,56812,confirmed,2020-08-31T00:00:00Z,41.0
223,Singapore,SG,,,,1.35,103.82,56852,confirmed,2020-09-01T00:00:00Z,40.0
224,Singapore,SG,,,,1.35,103.82,56860,confirmed,2020-09-02T00:00:00Z,8.0
225,Singapore,SG,,,,1.35,103.82,56908,confirmed,2020-09-03T00:00:00Z,48.0
226,Singapore,SG,,,,1.35,103.82,56948,confirmed,2020-09-04T00:00:00Z,40.0
227,Singapore,SG,,,,1.35,103.82,56982,confirmed,2020-09-05T00:00:00Z,34.0
228,Singapore,SG,,,,1.35,103.82,57022,confirmed,2020-09-06T00:00:00Z,40.0
229,Singapore,SG,,,,1.35,103.82,57044,confirmed,2020-09-07T00:00:00Z,22.0
230,Singapore,SG,,,,1.35,103.82,57091,confirmed,2020-09-08T00:00:00Z,47.0
231,Singapore,SG,,,,1.35,103.82,57166,confirmed,2020-09-09T00:00:00Z,75.0
232,Singapore,SG,,,,1.35,103.82,57229,confirmed,2020-09-10T00:00:00Z,63.0
233,Singapore,SG,,,,1.35,103.82,57315,confirmed,2020-09-11T00:00:00Z,86.0
234,Singapore,SG,,,,1.35,103.82,57357,confirmed,2020-09-12T00:00:00Z,42.0
235,Singapore,SG,,,,1.35,103.82,57406,confirmed,2020-09-13T00:00:00Z,49.0
236,Singapore,SG,,,,1.35,103.82,57454,confirmed,2020-09-14T00:00:00Z,48.0
237,Singapore,SG,,,,1.35,103.82,57488,confirmed,2020-09-15T00:00:00Z,34.0
238,Singapore,SG,,,,1.35,103.82,57514,confirmed,2020-09-16T00:00:00Z,26.0
239,Singapore,SG,,,,1.35,103.82,57532,confirmed,2020-09-17T00:00:00Z,18.0
240,Singapore,SG,,,,1.35,103.82,57543,confirmed,2020-09-18T00:00:00Z,11.0
241,Singapore,SG,,,,1.35,103.82,57558,confirmed,2020-09-19T00:00:00Z,15.0
242,Singapore,SG,,,,1.35,103.82,57576,confirmed,2020-09-20T00:00:00Z,18.0
243,Singapore,SG,,,,1.35,103.82,57606,confirmed,2020-09-21T00:00:00Z,30.0
244,Singapore,SG,,,,1.35,103.82,57627,confirmed,2020-09-22T00:00:00Z,21.0
245,Singapore,SG,,,,1.35,103.82,57639,confirmed,2020-09-23T00:00:00Z,12.0
246,Singapore,SG,,,,1.35,103.82,57654,confirmed,2020-09-24T00:00:00Z,15.0
247,Singapore,SG,,,,1.35,103.82,57665,confirmed,2020-09-25T00:00:00Z,11.0
248,Singapore,SG,,,,1.35,103.82,57685,confirmed,2020-09-26T00:00:00Z,20.0
249,Singapore,SG,,,,1.35,103.82,57700,confirmed,2020-09-27T00:00:00Z,15.0
250,Singapore,SG,,,,1.35,103.82,57715,confirmed,2020-09-28T00:00:00Z,15.0
251,Singapore,SG,,,,1.35,103.82,57742,confirmed,2020-09-29T00:00:00Z,27.0
252,Singapore,SG,,,,1.35,103.82,57765,confirmed,2020-09-30T00:00:00Z,23.0
253,Singapore,SG,,,,1.35,103.82,57784,confirmed,2020-10-01T00:00:00Z,19.0
254,Singapore,SG,,,,1.35,103.82,57794,confirmed,2020-10-02T00:00:00Z,10.0
255,Singapore,SG,,,,1.35,103.82,57800,confirmed,2020-10-03T00:00:00Z,6.0
256,Singapore,SG,,,,1.35,103.82,57812,confirmed,2020-10-04T00:00:00Z,12.0
257,Singapore,SG,,,,1.35,103.82,57819,confirmed,2020-10-05T00:00:00Z,7.0
258,Singapore,SG,,,,1.35,103.82,57830,confirmed,2020-10-06T00:00:00Z,11.0
259,Singapore,SG,,,,1.35,103.82,57840,confirmed,2020-10-07T00:00:00Z,10.0
260,Singapore,SG,,,,1.35,103.82,57849,confirmed,2020-10-08T00:00:00Z,9.0
261,Singapore,SG,,,,1.35,103.82,57859,confirmed,2020-10-09T00:00:00Z,10.0
262,Singapore,SG,,,,1.35,103.82,57866,confirmed,2020-10-10T00:00:00Z,7.0
263,Singapore,SG,,,,1.35,103.82,57876,confirmed,2020-10-11T00:00:00Z,10.0
264,Singapore,SG,,,,1.35,103.82,57880,confirmed,2020-10-12T00:00:00Z,4.0
265,Singapore,SG,,,,1.35,103.82,57884,confirmed,2020-10-13T00:00:00Z,4.0
266,Singapore,SG,,,,1.35,103.82,57889,confirmed,2020-10-14T00:00:00Z,5.0
267,Singapore,SG,,,,1.35,103.82,57892,confirmed,2020-10-15T00:00:00Z,3.0
268,Singapore,SG,,,,1.35,103.82,57901,confirmed,2020-10-16T00:00:00Z,9.0
269,Singapore,SG,,,,1.35,103.82,57904,confirmed,2020-10-17T00:00:00Z,3.0
270,Singapore,SG,,,,1.35,103.82,57911,confirmed,2020-10-18T00:00:00Z,7.0
271,Singapore,SG,,,,1.35,103.82,57915,confirmed,2020-10-19T00:00:00Z,4.0
272,Singapore,SG,,,,1.35,103.82,57921,confirmed,2020-10-20T00:00:00Z,6.0
273,Singapore,SG,,,,1.35,103.82,57933,confirmed,2020-10-21T00:00:00Z,12.0
274,Singapore,SG,,,,1.35,103.82,57941,confirmed,2020-10-22T00:00:00Z,8.0
275,Singapore,SG,,,,1.35,103.82,57951,confirmed,2020-10-23T00:00:00Z,10.0
276,Singapore,SG,,,,1.35,103.82,57965,confirmed,2020-10-24T00:00:00Z,14.0
277,Singapore,SG,,,,1.35,103.82,57970,confirmed,2020-10-25T00:00:00Z,5.0
278,Singapore,SG,,,,1.35,103.82,57973,confirmed,2020-10-26T00:00:00Z,3.0
279,Singapore,SG,,,,1.35,103.82,57980,confirmed,2020-10-27T00:00:00Z,7.0
280,Singapore,SG,,,,1.35,103.82,57987,confirmed,2020-10-28T00:00:00Z,7.0
281,Singapore,SG,,,,1.35,103.82,57994,confirmed,2020-10-29T00:00:00Z,7.0
282,Singapore,SG,,,,1.35,103.82,58003,confirmed,2020-10-30T00:00:00Z,9.0
283,Singapore,SG,,,,1.35,103.82,58015,confirmed,2020-10-31T00:00:00Z,12.0
284,Singapore,SG,,,,1.35,103.82,58019,confirmed,2020-11-01T00:00:00Z,4.0
285,Singapore,SG,,,,1.35,103.82,58020,confirmed,2020-11-02T00:00:00Z,1.0
286,Singapore,SG,,,,1.35,103.82,58029,confirmed,2020-11-03T00:00:00Z,9.0
287,Singapore,SG,,,,1.35,103.82,58036,confirmed,2020-11-04T00:00:00Z,7.0
288,Singapore,SG,,,,1.35,103.82,58043,confirmed,2020-11-05T00:00:00Z,7.0
289,Singapore,SG,,,,1.35,103.82,58047,confirmed,2020-11-06T00:00:00Z,4.0
290,Singapore,SG,,,,1.35,103.82,58054,confirmed,2020-11-07T00:00:00Z,7.0
291,Singapore,SG,,,,1.35,103.82,58056,confirmed,2020-11-08T00:00:00Z,2.0
292,Singapore,SG,,,,1.35,103.82,58064,confirmed,2020-11-09T00:00:00Z,8.0
293,Singapore,SG,,,,1.35,103.82,58073,confirmed,2020-11-10T00:00:00Z,9.0
294,Singapore,SG,,,,1.35,103.82,58091,confirmed,2020-11-11T00:00:00Z,18.0
295,Singapore,SG,,,,1.35,103.82,58102,confirmed,2020-11-12T00:00:00Z,11.0
296,Singapore,SG,,,,1.35,103.82,58114,confirmed,2020-11-13T00:00:00Z,12.0
297,Singapore,SG,,,,1.35,103.82,58116,confirmed,2020-11-14T00:00:00Z,2.0
298,Singapore,SG,,,,1.35,103.82,58119,confirmed,2020-11-15T00:00:00Z,3.0
299,Singapore,SG,,,,1.35,103.82,58124,confirmed,2020-11-16T00:00:00Z,5.0
300,Singapore,SG,,,,1.35,103.82,58130,confirmed,2020-11-17T00:00:00Z,6.0
301,Singapore,SG,,,,1.35,103.82,58135,confirmed,2020-11-18T00:00:00Z,5.0
302,Singapore,SG,,,,1.35,103.82,58139,confirmed,2020-11-19T00:00:00Z,4.0
303,Singapore,SG,,,,1.35,103.82,58143,confirmed,2020-11-20T00:00:00Z,4.0
304,Singapore,SG,,,,1.35,103.82,58148,confirmed,2020-11-21T00:00:00Z,5.0
305,Singapore,SG,,,,1.35,103.82,58160,confirmed,2020-11-22T00:00:00Z,12.0
306,Singapore,SG,,,,1.35,103.82,58165,confirmed,2020-11-23T00:00:00Z,5.0
307,Singapore,SG,,,,1.35,103.82,58183,confirmed,2020-11-24T00:00:00Z,18.0
308,Singapore,SG,,,,1.35,103.82,58190,confirmed,2020-11-25T00:00:00Z,7.0
309,Singapore,SG,,,,1.35,103.82,58195,confirmed,2020-11-26T00:00:00Z,5.0
310,Singapore,SG,,,,1.35,103.82,58199,confirmed,2020-11-27T00:00:00Z,4.0
311,Singapore,SG,,,,1.35,103.82,58205,confirmed,2020-11-28T00:00:00Z,6.0
312,Singapore,SG,,,,1.35,103.82,58213,confirmed,2020-11-29T00:00:00Z,8.0
313,Singapore,SG,,,,1.35,103.82,58218,confirmed,2020-11-30T00:00:00Z,5.0
314,Singapore,SG,,,,1.35,103.82,58228,confirmed,2020-12-01T00:00:00Z,10.0
315,Singapore,SG,,,,1.35,103.82,58230,confirmed,2020-12-02T00:00:00Z,2.0
316,Singapore,SG,,,,1.35,103.82,58239,confirmed,2020-12-03T00:00:00Z,9.0
317,Singapore,SG,,,,1.35,103.82,58242,confirmed,2020-12-04T00:00:00Z,3.0
318,Singapore,SG,,,,1.35,103.82,58255,confirmed,2020-12-05T00:00:00Z,13.0
319,Singapore,SG,,,,1.35,103.82,58260,confirmed,2020-12-06T00:00:00Z,5.0
320,Singapore,SG,,,,1.35,103.82,58273,confirmed,2020-12-07T00:00:00Z,13.0
321,Singapore,SG,,,,1.35,103.82,58285,confirmed,2020-12-08T00:00:00Z,12.0
322,Singapore,SG,,,,1.35,103.82,58291,confirmed,2020-12-09T00:00:00Z,6.0
323,Singapore,SG,,,,1.35,103.82,58297,confirmed,2020-12-10T00:00:00Z,6.0
324,Singapore,SG,,,,1.35,103.82,58305,confirmed,2020-12-11T00:00:00Z,8.0
325,Singapore,SG,,,,1.35,103.82,58313,confirmed,2020-12-12T00:00:00Z,8.0
326,Singapore,SG,,,,1.35,103.82,58320,confirmed,2020-12-13T00:00:00Z,7.0
327,Singapore,SG,,,,1.35,103.82,58325,confirmed,2020-12-14T00:00:00Z,5.0
328,Singapore,SG,,,,1.35,103.82,58341,confirmed,2020-12-15T00:00:00Z,16.0
329,Singapore,SG,,,,1.35,103.82,58353,confirmed,2020-12-16T00:00:00Z,12.0
330,Singapore,SG,,,,1.35,103.82,58377,confirmed,2020-12-17T00:00:00Z,24.0
331,Singapore,SG,,,,1.35,103.82,58386,confirmed,2020-12-18T00:00:00Z,9.0
332,Singapore,SG,,,,1.35,103.82,58403,confirmed,2020-12-19T00:00:00Z,17.0
333,Singapore,SG,,,,1.35,103.82,58422,confirmed,2020-12-20T00:00:00Z,19.0
334,Singapore,SG,,,,1.35,103.82,58432,confirmed,2020-12-21T00:00:00Z,10.0
335,Singapore,SG,,,,1.35,103.82,58461,confirmed,2020-12-22T00:00:00Z,29.0
336,Singapore,SG,,,,1.35,103.82,58482,confirmed,2020-12-23T00:00:00Z,21.0
337,Singapore,SG,,,,1.35,103.82,58495,confirmed,2020-12-24T00:00:00Z,13.0
338,Singapore,SG,,,,1.35,103.82,58509,confirmed,2020-12-25T00:00:00Z,14.0
339,Singapore,SG,,,,1.35,103.82,58519,confirmed,2020-12-26T00:00:00Z,10.0
340,Singapore,SG,,,,1.35,103.82,58524,confirmed,2020-12-27T00:00:00Z,5.0
341,Singapore,SG,,,,1.35,103.82,58529,confirmed,2020-12-28T00:00:00Z,5.0
342,Singapore,SG,,,,1.35,103.82,58542,confirmed,2020-12-29T00:00:00Z,13.0
343,Singapore,SG,,,,1.35,103.82,58569,confirmed,2020-12-30T00:00:00Z,27.0
344,Singapore,SG,,,,1.35,103.82,58599,confirmed,2020-12-31T00:00:00Z,30.0
345,Singapore,SG,,,,1.35,103.82,58629,confirmed,2021-01-01T00:00:00Z,30.0
346,Singapore,SG,,,,1.35,103.82,58662,confirmed,2021-01-02T00:00:00Z,33.0
347,Singapore,SG,,,,1.35,103.82,58697,confirmed,2021-01-03T00:00:00Z,35.0
348,Singapore,SG,,,,1.35,103.82,58721,confirmed,2021-01-04T00:00:00Z,24.0
349,Singapore,SG,,,,1.35,103.82,58749,confirmed,2021-01-05T00:00:00Z,28.0
350,Singapore,SG,,,,1.35,103.82,58780,confirmed,2021-01-06T00:00:00Z,31.0
351,Singapore,SG,,,,1.35,103.82,58813,confirmed,2021-01-07T00:00:00Z,33.0
352,Singapore,SG,,,,1.35,103.82,58836,confirmed,2021-01-08T00:00:00Z,23.0
353,Singapore,SG,,,,1.35,103.82,58865,confirmed,2021-01-09T00:00:00Z,29.0
354,Singapore,SG,,,,1.35,103.82,58907,confirmed,2021-01-10T00:00:00Z,42.0
355,Singapore,SG,,,,1.35,103.82,58929,confirmed,2021-01-11T00:00:00Z,22.0
356,Singapore,SG,,,,1.35,103.82,58946,confirmed,2021-01-12T00:00:00Z,17.0
357,Singapore,SG,,,,1.35,103.82,58984,confirmed,2021-01-13T00:00:00Z,38.0
358,Singapore,SG,,,,1.35,103.82,59029,confirmed,2021-01-14T00:00:00Z,45.0
359,Singapore,SG,,,,1.35,103.82,59059,confirmed,2021-01-15T00:00:00Z,30.0
360,Singapore,SG,,,,1.35,103.82,59083,confirmed,2021-01-16T00:00:00Z,24.0
361,Singapore,SG,,,,1.35,103.82,59113,confirmed,2021-01-17T00:00:00Z,30.0
362,Singapore,SG,,,,1.35,103.82,59127,confirmed,2021-01-18T00:00:00Z,14.0
363,Singapore,SG,,,,1.35,103.82,59157,confirmed,2021-01-19T00:00:00Z,30.0
364,Singapore,SG,,,,1.35,103.82,59197,confirmed,2021-01-20T00:00:00Z,40.0
365,Singapore,SG,,,,1.35,103.82,59235,confirmed,2021-01-21T00:00:00Z,38.0
366,Singapore,SG,,,,1.35,103.82,59250,confirmed,2021-01-22T00:00:00Z,15.0
367,Singapore,SG,,,,1.35,103.82,59260,confirmed,2021-01-23T00:00:00Z,10.0
368,Singapore,SG,,,,1.35,103.82,59308,confirmed,2021-01-24T00:00:00Z,48.0
369,Singapore,SG,,,,1.35,103.82,59352,confirmed,2021-01-25T00:00:00Z,44.0
370,Singapore,SG,,,,1.35,103.82,59366,confirmed,2021-01-26T00:00:00Z,14.0
371,Singapore,SG,,,,1.35,103.82,59391,confirmed,2021-01-27T00:00:00Z,25.0
372,Singapore,SG,,,,1.35,103.82,59425,confirmed,2021-01-28T00:00:00Z,34.0
373,Singapore,SG,,,,1.35,103.82,59449,confirmed,2021-01-29T00:00:00Z,24.0
374,Singapore,SG,,,,1.35,103.82,59507,confirmed,2021-01-30T00:00:00Z,58.0
375,Singapore,SG,,,,1.35,103.82,59536,confirmed,2021-01-31T00:00:00Z,29.0
376,Singapore,SG,,,,1.35,103.82,59565,confirmed,2021-02-01T00:00:00Z,29.0
377,Singapore,SG,,,,1.35,103.82,59584,confirmed,2021-02-02T00:00:00Z,19.0
378,Singapore,SG,,,,1.35,103.82,59602,confirmed,2021-02-03T00:00:00Z,18.0
379,Singapore,SG,,,,1.35,103.82,59624,confirmed,2021-02-04T00:00:00Z,22.0
380,Singapore,SG,,,,1.35,103.82,59649,confirmed,2021-02-05T00:00:00Z,25.0
381,Singapore,SG,,,,1.35,103.82,59675,confirmed,2021-02-06T00:00:00Z,26.0
382,Singapore,SG,,,,1.35,103.82,59699,confirmed,2021-02-07T00:00:00Z,24.0
383,Singapore,SG,,,,1.35,103.82,59721,confirmed,2021-02-08T00:00:00Z,22.0
384,Singapore,SG,,,,1.35,103.82,59732,confirmed,2021-02-09T00:00:00Z,11.0
385,Singapore,SG,,,,1.35,103.82,59747,confirmed,2021-02-10T00:00:00Z,15.0
386,Singapore,SG,,,,1.35,103.82,59759,confirmed,2021-02-11T00:00:00Z,12.0
387,Singapore,SG,,,,1.35,103.82,59777,confirmed,2021-02-12T00:00:00Z,18.0
388,Singapore,SG,,,,1.35,103.82,59786,confirmed,2021-02-13T00:00:00Z,9.0
389,Singapore,SG,,,,1.35,103.82,59800,confirmed,2021-02-14T00:00:00Z,14.0
390,Singapore,SG,,,,1.35,103.82,59809,confirmed,2021-02-15T00:00:00Z,9.0
391,Singapore,SG,,,,1.35,103.82,59810,confirmed,2021-02-16T00:00:00Z,1.0
392,Singapore,SG,,,,1.35,103.82,59821,confirmed,2021-02-17T00:00:00Z,11.0
393,Singapore,SG,,,,1.35,103.82,59832,confirmed,2021-02-18T00:00:00Z,11.0
394,Singapore,SG,,,,1.35,103.82,59846,confirmed,2021-02-19T00:00:00Z,14.0
395,Singapore,SG,,,,1.35,103.82,59858,confirmed,2021-02-20T00:00:00Z,12.0
396,Singapore,SG,,,,1.35,103.82,59869,confirmed,2021-02-21T00:00:00Z,11.0
397,Singapore,SG,,,,1.35,103.82,59879,confirmed,2021-02-22T00:00:00Z,10.0
398,Singapore,SG,,,,1.35,103.82,59883,confirmed,2021-02-23T00:00:00Z,4.0
399,Singapore,SG,,,,1.35,103.82,59890,confirmed,2021-02-24T00:00:00Z,7.0
400,Singapore,SG,,,,1.35,103.82,59900,confirmed,2021-02-25T00:00:00Z,10.0
401,Singapore,SG,,,,1.35,103.82,59913,confirmed,2021-02-26T00:00:00Z,13.0
402,Singapore,SG,,,,1.35,103.82,59925,confirmed,2021-02-27T00:00:00Z,12.0
403,Singapore,SG,,,,1.35,103.82,59936,confirmed,2021-02-28T00:00:00Z,11.0
404,Singapore,SG,,,,1.35,103.82,59948,confirmed,2021-03-01T00:00:00Z,12.0
405,Singapore,SG,,,,1.35,103.82,59956,confirmed,2021-03-02T00:00:00Z,8.0
406,Singapore,SG,,,,1.35,103.82,59979,confirmed,2021-03-03T00:00:00Z,23.0
407,Singapore,SG,,,,1.35,103.82,59998,confirmed,2021-03-04T00:00:00Z,19.0
408,Singapore,SG,,,,1.35,103.82,60007,confirmed,2021-03-05T00:00:00Z,9.0
409,Singapore,SG,,,,1.35,103.82,60020,confirmed,2021-03-06T00:00:00Z,13.0
410,Singapore,SG,,,,1.35,103.82,60033,confirmed,2021-03-07T00:00:00Z,13.0
411,Singapore,SG,,,,1.35,103.82,60046,confirmed,2021-03-08T00:00:00Z,13.0
412,Singapore,SG,,,,1.35,103.82,60052,confirmed,2021-03-09T00:00:00Z,6.0
413,Singapore,SG,,,,1.35,103.82,60062,confirmed,2021-03-10T00:00:00Z,10.0
414,Singapore,SG,,,,1.35,103.82,60070,confirmed,2021-03-11T00:00:00Z,8.0
415,Singapore,SG,,,,1.35,103.82,60080,confirmed,2021-03-12T00:00:00Z,10.0
416,Singapore,SG,,,,1.35,103.82,60088,confirmed,2021-03-13T00:00:00Z,8.0
417,Singapore,SG,,,,1.35,103.82,60105,confirmed,2021-03-14T00:00:00Z,17.0
418,Singapore,SG,,,,1.35,103.82,60117,confirmed,2021-03-15T00:00:00Z,12.0
419,Singapore,SG,,,,1.35,103.82,60128,confirmed,2021-03-16T00:00:00Z,11.0
420,Singapore,SG,,,,1.35,103.82,60137,confirmed,2021-03-17T00:00:00Z,9.0
421,Singapore,SG,,,,1.35,103.82,60152,confirmed,2021-03-18T00:00:00Z,15.0
422,Singapore,SG,,,,1.35,103.82,60167,confirmed,2021-03-19T00:00:00Z,15.0
423,Singapore,SG,,,,1.35,103.82,60184,confirmed,2021-03-20T00:00:00Z,17.0
424,Singapore,SG,,,,1.35,103.82,60196,confirmed,2021-03-21T00:00:00Z,12.0
425,Singapore,SG,,,,1.35,103.82,60208,confirmed,2021-03-22T00:00:00Z,12.0
426,Singapore,SG,,,,1.35,103.82,60221,confirmed,2021-03-23T00:00:00Z,13.0
427,Singapore,SG,,,,1.35,103.82,60236,confirmed,2021-03-24T00:00:00Z,15.0
428,Singapore,SG,,,,1.35,103.82,60253,confirmed,2021-03-25T00:00:00Z,17.0
429,Singapore,SG,,,,1.35,103.82,60265,confirmed,2021-03-26T00:00:00Z,12.0
430,Singapore,SG,,,,1.35,103.82,60288,confirmed,2021-03-27T00:00:00Z,23.0
431,Singapore,SG,,,,1.35,103.82,60300,confirmed,2021-03-28T00:00:00Z,12.0
432,Singapore,SG,,,,1.35,103.82,60321,confirmed,2021-03-29T00:00:00Z,21.0
433,Singapore,SG,,,,1.35,103.82,60347,confirmed,2021-03-30T00:00:00Z,26.0
434,Singapore,SG,,,,1.35,103.82,60381,confirmed,2021-03-31T00:00:00Z,34.0
435,Singapore,SG,,,,1.35,103.82,60407,confirmed,2021-04-01T00:00:00Z,26.0
436,Singapore,SG,,,,1.35,103.82,60450,confirmed,2021-04-02T00:00:00Z,43.0
437,Singapore,SG,,,,1.35,103.82,60468,confirmed,2021-04-03T00:00:00Z,18.0
438,Singapore,SG,,,,1.35,103.82,60478,confirmed,2021-04-04T00:00:00Z,10.0
439,Singapore,SG,,,,1.35,103.82,60495,confirmed,2021-04-05T00:00:00Z,17.0
440,Singapore,SG,,,,1.35,103.82,60519,confirmed,2021-04-06T00:00:00Z,24.0
441,Singapore,SG,,,,1.35,103.82,60554,confirmed,2021-04-07T00:00:00Z,35.0
442,Singapore,SG,,,,1.35,103.82,60575,confirmed,2021-04-08T00:00:00Z,21.0
443,Singapore,SG,,,,1.35,103.82,60601,confirmed,2021-04-09T00:00:00Z,26.0
444,Singapore,SG,,,,1.35,103.82,60633,confirmed,2021-04-10T00:00:00Z,32.0
445,Singapore,SG,,,,1.35,103.82,60653,confirmed,2021-04-11T00:00:00Z,20.0
446,Singapore,SG,,,,1.35,103.82,60678,confirmed,2021-04-12T00:00:00Z,25.0
447,Singapore,SG,,,,1.35,103.82,60692,confirmed,2021-04-13T00:00:00Z,14.0
448,Singapore,SG,,,,1.35,103.82,60719,confirmed,2021-04-14T00:00:00Z,27.0
449,Singapore,SG,,,,1.35,103.82,60735,confirmed,2021-04-15T00:00:00Z,16.0
450,Singapore,SG,,,,1.35,103.82,60769,confirmed,2021-04-16T00:00:00Z,34.0
451,Singapore,SG,,,,1.35,103.82,60808,confirmed,2021-04-17T00:00:00Z,39.0
452,Singapore,SG,,,,1.35,103.82,60831,confirmed,2021-04-18T00:00:00Z,23.0
453,Singapore,SG,,,,1.35,103.82,60851,confirmed,2021-04-19T00:00:00Z,20.0
454,Singapore,SG,,,,1.35,103.82,60865,confirmed,2021-04-20T00:00:00Z,14.0
455,Singapore,SG,,,,1.35,103.82,60880,confirmed,2021-04-21T00:00:00Z,15.0
456,Singapore,SG,,,,1.35,103.82,60904,confirmed,2021-04-22T00:00:00Z,24.0
457,Singapore,SG,,,,1.35,103.82,60943,confirmed,2021-04-23T00:00:00Z,39.0
458,Singapore,SG,,,,1.35,103.82,60966,confirmed,2021-04-24T00:00:00Z,23.0
459,Singapore,SG,,,,1.35,103.82,61006,confirmed,2021-04-25T00:00:00Z,40.0
460,Singapore,SG,,,,1.35,103.82,61051,confirmed,2021-04-26T00:00:00Z,45.0
461,Singapore,SG,,,,1.35,103.82,61063,confirmed,2021-04-27T00:00:00Z,12.0
462,Singapore,SG,,,,1.35,103.82,61086,confirmed,2021-04-28T00:00:00Z,23.0
463,Singapore,SG,,,,1.35,103.82,61121,confirmed,2021-04-29T00:00:00Z,35.0
464,Singapore,SG,,,,1.35,103.82,61145,confirmed,2021-04-30T00:00:00Z,24.0
465,Singapore,SG,,,,1.35,103.82,61179,confirmed,2021-05-01T00:00:00Z,34.0
466,Singapore,SG,,,,1.35,103.82,61218,confirmed,2021-05-02T00:00:00Z,39.0
467,Singapore,SG,,,,1.35,103.82,61235,confirmed,2021-05-03T00:00:00Z,17.0
468,Singapore,SG,,,,1.35,103.82,61252,confirmed,2021-05-04T00:00:00Z,17.0
469,Singapore,SG,,,,1.35,103.82,61268,confirmed,2021-05-05T00:00:00Z,16.0
470,Singapore,SG,,,,1.35,103.82,61286,confirmed,2021-05-06T00:00:00Z,18.0
471,Singapore,SG,,,,1.35,103.82,61311,confirmed,2021-05-07T00:00:00Z,25.0
472,Singapore,SG,,,,1.35,103.82,61331,confirmed,2021-05-08T00:00:00Z,20.0
473,Singapore,SG,,,,1.35,103.82,61359,confirmed,2021-05-09T00:00:00Z,28.0
474,Singapore,SG,,,,1.35,103.82,61378,confirmed,2021-05-10T00:00:00Z,19.0
475,Singapore,SG,,,,1.35,103.82,61403,confirmed,2021-05-11T00:00:00Z,25.0
476,Singapore,SG,,,,1.35,103.82,61419,confirmed,2021-05-12T00:00:00Z,16.0
477,Singapore,SG,,,,1.35,103.82,61453,confirmed,2021-05-13T00:00:00Z,34.0
478,Singapore,SG,,,,1.35,103.82,61505,confirmed,2021-05-14T00:00:00Z,52.0
479,Singapore,SG,,,,1.35,103.82,61536,confirmed,2021-05-15T00:00:00Z,31.0
480,Singapore,SG,,,,1.35,103.82,61585,confirmed,2021-05-16T00:00:00Z,49.0
481,Singapore,SG,,,,1.35,103.82,61613,confirmed,2021-05-17T00:00:00Z,28.0
482,Singapore,SG,,,,1.35,103.82,61651,confirmed,2021-05-18T00:00:00Z,38.0
483,Singapore,SG,,,,1.35,103.82,61689,confirmed,2021-05-19T00:00:00Z,38.0
484,Singapore,SG,,,,1.35,103.82,61730,confirmed,2021-05-20T00:00:00Z,41.0
485,Singapore,SG,,,,1.35,103.82,61770,confirmed,2021-05-21T00:00:00Z,40.0
486,Singapore,SG,,,,1.35,103.82,61799,confirmed,2021-05-22T00:00:00Z,29.0
487,Singapore,SG,,,,1.35,103.82,61824,confirmed,2021-05-23T00:00:00Z,25.0
488,Singapore,SG,,,,1.35,103.82,61860,confirmed,2021-05-24T00:00:00Z,36.0
489,Singapore,SG,,,,1.35,103.82,61890,confirmed,2021-05-25T00:00:00Z,30.0
490,Singapore,SG,,,,1.35,103.82,61916,confirmed,2021-05-26T00:00:00Z,26.0
491,Singapore,SG,,,,1.35,103.82,61940,confirmed,2021-05-27T00:00:00Z,24.0
492,Singapore,SG,,,,1.35,103.82,61970,confirmed,2021-05-28T00:00:00Z,30.0
493,Singapore,SG,,,,1.35,103.82,62003,confirmed,2021-05-29T00:00:00Z,33.0
494,Singapore,SG,,,,1.35,103.82,62028,confirmed,2021-05-30T00:00:00Z,25.0
495,Singapore,SG,,,,1.35,103.82,62051,confirmed,2021-05-31T00:00:00Z,23.0
496,Singapore,SG,,,,1.35,103.82,62069,confirmed,2021-06-01T00:00:00Z,18.0
497,Singapore,SG,,,,1.35,103.82,62100,confirmed,2021-06-02T00:00:00Z,31.0
498,Singapore,SG,,,,1.35,103.82,62145,confirmed,2021-06-03T00:00:00Z,45.0
499,Singapore,SG,,,,1.35,103.82,62158,confirmed,2021-06-04T00:00:00Z,13.0
500,Singapore,SG,,,,1.35,103.82,62176,confirmed,2021-06-05T00:00:00Z,18.0
501,Singapore,SG,,,,1.35,103.82,62196,confirmed,2021-06-06T00:00:00Z,20.0
502,Singapore,SG,,,,1.35,103.82,62210,confirmed,2021-06-07T00:00:00Z,14.0
503,Singapore,SG,,,,1.35,103.82,62219,confirmed,2021-06-08T00:00:00Z,9.0
504,Singapore,SG,,,,1.35,103.82,62223,confirmed,2021-06-09T00:00:00Z,4.0
505,Singapore,SG,,,,1.35,103.82,62236,confirmed,2021-06-10T00:00:00Z,13.0
506,Singapore,SG,,,,1.35,103.82,62245,confirmed,2021-06-11T00:00:00Z,9.0
507,Singapore,SG,,,,1.35,103.82,62263,confirmed,2021-06-12T00:00:00Z,18.0
508,Singapore,SG,,,,1.35,103.82,62276,confirmed,2021-06-13T00:00:00Z,13.0
509,Singapore,SG,,,,1.35,103.82,62301,confirmed,2021-06-14T00:00:00Z,25.0
510,Singapore,SG,,,,1.35,103.82,62315,confirmed,2021-06-15T00:00:00Z,14.0
511,Singapore,SG,,,,1.35,103.82,62339,confirmed,2021-06-16T00:00:00Z,24.0
512,Singapore,SG,,,,1.35,103.82,62366,confirmed,2021-06-17T00:00:00Z,27.0
513,Singapore,SG,,,,1.35,103.82,62382,confirmed,2021-06-18T00:00:00Z,16.0
514,Singapore,SG,,,,1.35,103.82,62403,confirmed,2021-06-19T00:00:00Z,21.0
515,Singapore,SG,,,,1.35,103.82,62414,confirmed,2021-06-20T00:00:00Z,11.0
516,Singapore,SG,,,,1.35,103.82,62430,confirmed,2021-06-21T00:00:00Z,16.0
517,Singapore,SG,,,,1.35,103.82,62448,confirmed,2021-06-22T00:00:00Z,18.0
518,Singapore,SG,,,,1.35,103.82,62470,confirmed,2021-06-23T00:00:00Z,22.0
519,Singapore,SG,,,,1.35,103.82,62493,confirmed,2021-06-24T00:00:00Z,23.0
520,Singapore,SG,,,,1.35,103.82,62513,confirmed,2021-06-25T00:00:00Z,20.0
521,Singapore,SG,,,,1.35,103.82,62530,confirmed,2021-06-26T00:00:00Z,17.0
522,Singapore,SG,,,,1.35,103.82,62544,confirmed,2021-06-27T00:00:00Z,14.0
523,Singapore,SG,,,,1.35,103.82,62553,confirmed,2021-06-28T00:00:00Z,9.0
524,Singapore,SG,,,,1.35,103.82,62563,confirmed,2021-06-29T00:00:00Z,10.0
525,Singapore,SG,,,,1.35,103.82,62579,confirmed,2021-06-30T00:00:00Z,16.0
526,Singapore,SG,,,,1.35,103.82,62589,confirmed,2021-07-01T00:00:00Z,10.0
527,Singapore,SG,,,,1.35,103.82,62599,confirmed,2021-07-02T00:00:00Z,10.0
528,Singapore,SG,,,,1.35,103.82,62606,confirmed,2021-07-03T00:00:00Z,7.0
529,Singapore,SG,,,,1.35,103.82,62617,confirmed,2021-07-04T00:00:00Z,11.0
530,Singapore,SG,,,,1.35,103.82,62630,confirmed,2021-07-05T00:00:00Z,13.0
531,Singapore,SG,,,,1.35,103.82,62640,confirmed,2021-07-06T00:00:00Z,10.0
532,Singapore,SG,,,,1.35,103.82,62652,confirmed,2021-07-07T00:00:00Z,12.0
533,Singapore,SG,,,,1.35,103.82,62668,confirmed,2021-07-08T00:00:00Z,16.0
534,Singapore,SG,,,,1.35,103.82,62678,confirmed,2021-07-09T00:00:00Z,10.0
535,Singapore,SG,,,,1.35,103.82,62684,confirmed,2021-07-10T00:00:00Z,6.0
536,Singapore,SG,,,,1.35,103.82,62692,confirmed,2021-07-11T00:00:00Z,8.0
537,Singapore,SG,,,,1.35,103.82,62718,confirmed,2021-07-12T00:00:00Z,26.0
538,Singapore,SG,,,,1.35,103.82,62744,confirmed,2021-07-13T00:00:00Z,26.0
539,Singapore,SG,,,,1.35,103.82,62804,confirmed,2021-07-14T00:00:00Z,60.0
540,Singapore,SG,,,,1.35,103.82,62852,confirmed,2021-07-15T00:00:00Z,48.0
541,Singapore,SG,,,,1.35,103.82,62913,confirmed,2021-07-16T00:00:00Z,61.0
542,Singapore,SG,,,,1.35,103.82,62981,confirmed,2021-07-17T00:00:00Z,68.0
543,Singapore,SG,,,,1.35,103.82,63073,confirmed,2021-07-18T00:00:00Z,92.0
544,Singapore,SG,,,,1.35,103.82,63245,confirmed,2021-07-19T00:00:00Z,172.0
545,Singapore,SG,,,,1.35,103.82,63440,confirmed,2021-07-20T00:00:00Z,195.0
546,Singapore,SG,,,,1.35,103.82,63621,confirmed,2021-07-21T00:00:00Z,181.0
547,Singapore,SG,,,,1.35,103.82,63791,confirmed,2021-07-22T00:00:00Z,170.0
548,Singapore,SG,,,,1.35,103.82,63924,confirmed,2021-07-23T00:00:00Z,133.0
549,Singapore,SG,,,,1.35,103.82,64054,confirmed,2021-07-24T00:00:00Z,130.0
550,Singapore,SG,,,,1.35,103.82,64179,confirmed,2021-07-25T00:00:00Z,125.0
551,Singapore,SG,,,,1.35,103.82,64314,confirmed,2021-07-26T00:00:00Z,135.0
552,Singapore,SG,,,,1.35,103.82,64453,confirmed,2021-07-27T00:00:00Z,139.0
553,Singapore,SG,,,,1.35,103.82,64589,confirmed,2021-07-28T00:00:00Z,136.0
554,Singapore,SG,,,,1.35,103.82,64722,confirmed,2021-07-29T00:00:00Z,133.0
555,Singapore,SG,,,,1.35,103.82,64861,confirmed,2021-07-30T00:00:00Z,139.0
556,Singapore,SG,,,,1.35,103.82,64981,confirmed,2021-07-31T00:00:00Z,120.0
557,Singapore,SG,,,,1.35,103.82,65102,confirmed,2021-08-01T00:00:00Z,121.0
558,Singapore,SG,,,,1.35,103.82,65213,confirmed,2021-08-02T00:00:00Z,111.0
559,Singapore,SG,,,,1.35,103.82,65315,confirmed,2021-08-03T00:00:00Z,102.0
560,Singapore,SG,,,,1.35,103.82,65410,confirmed,2021-08-04T00:00:00Z,95.0
561,Singapore,SG,,,,1.35,103.82,65508,confirmed,2021-08-05T00:00:00Z,98.0
562,Singapore,SG,,,,1.35,103.82,65605,confirmed,2021-08-06T00:00:00Z,97.0
563,Singapore,SG,,,,1.35,103.82,65686,confirmed,2021-08-07T00:00:00Z,81.0
564,Singapore,SG,,,,1.35,103.82,65764,confirmed,2021-08-08T00:00:00Z,78.0
565,Singapore,SG,,,,1.35,103.82,65836,confirmed,2021-08-09T00:00:00Z,72.0
566,Singapore,SG,,,,1.35,103.82,65836,confirmed,2021-08-10T00:00:00Z,0.0
567,Singapore,SG,,,,1.35,103.82,65953,confirmed,2021-08-11T00:00:00Z,117.0
568,Singapore,SG,,,,1.35,103.82,66012,confirmed,2021-08-12T00:00:00Z,59.0
569,Singapore,SG,,,,1.35,103.82,66061,confirmed,2021-08-13T00:00:00Z,49.0
570,Singapore,SG,,,,1.35,103.82,66119,confirmed,2021-08-14T00:00:00Z,58.0
571,Singapore,SG,,,,1.35,103.82,66172,confirmed,2021-08-15T00:00:00Z,53.0
572,Singapore,SG,,,,1.35,103.82,66225,confirmed,2021-08-16T00:00:00Z,53.0
573,Singapore,SG,,,,1.35,103.82,66281,confirmed,2021-08-17T00:00:00Z,56.0
574,Singapore,SG,,,,1.35,103.82,66334,confirmed,2021-08-18T00:00:00Z,53.0
575,Singapore,SG,,,,1.35,103.82,66366,confirmed,2021-08-19T00:00:00Z,32.0
576,Singapore,SG,,,,1.35,103.82,66406,confirmed,2021-08-20T00:00:00Z,40.0
577,Singapore,SG,,,,1.35,103.82,66443,confirmed,2021-08-21T00:00:00Z,37.0
578,Singapore,SG,,,,1.35,103.82,66478,confirmed,2021-08-22T00:00:00Z,35.0
579,Singapore,SG,,,,1.35,103.82,66576,confirmed,2021-08-23T00:00:00Z,98.0
580,Singapore,SG,,,,1.35,103.82,66692,confirmed,2021-08-24T00:00:00Z,116.0
581,Singapore,SG,,,,1.35,103.82,66812,confirmed,2021-08-25T00:00:00Z,120.0
582,Singapore,SG,,,,1.35,103.82,66928,confirmed,2021-08-26T00:00:00Z,116.0
583,Singapore,SG,,,,1.35,103.82,66928,confirmed,2021-08-27T00:00:00Z,0.0
584,Singapore,SG,,,,1.35,103.82,67171,confirmed,2021-08-28T00:00:00Z,243.0
585,Singapore,SG,,,,1.35,103.82,67171,confirmed,2021-08-29T00:00:00Z,0.0
586,Singapore,SG,,,,1.35,103.82,67459,confirmed,2021-08-30T00:00:00Z,288.0
587,Singapore,SG,,,,1.35,103.82,67620,confirmed,2021-08-31T00:00:00Z,161.0
588,Singapore,SG,,,,1.35,103.82,67800,confirmed,2021-09-01T00:00:00Z,180.0
589,Singapore,SG,,,,1.35,103.82,67991,confirmed,2021-09-02T00:00:00Z,191.0
590,Singapore,SG,,,,1.35,103.82,68210,confirmed,2021-09-03T00:00:00Z,219.0
591,Singapore,SG,,,,1.35,103.82,68469,confirmed,2021-09-04T00:00:00Z,259.0
592,Singapore,SG,,,,1.35,103.82,68660,confirmed,2021-09-05T00:00:00Z,191.0
593,Singapore,SG,,,,1.35,103.82,68901,confirmed,2021-09-06T00:00:00Z,241.0
594,Singapore,SG,,,,1.35,103.82,69233,confirmed,2021-09-07T00:00:00Z,332.0
595,Singapore,SG,,,,1.35,103.82,69582,confirmed,2021-09-08T00:00:00Z,349.0
596,Singapore,SG,,,,1.35,103.82,70039,confirmed,2021-09-09T00:00:00Z,457.0
597,Singapore,SG,,,,1.35,103.82,70612,confirmed,2021-09-10T00:00:00Z,573.0
598,Singapore,SG,,,,1.35,103.82,71167,confirmed,2021-09-11T00:00:00Z,555.0
599,Singapore,SG,,,,1.35,103.82,71687,confirmed,2021-09-12T00:00:00Z,520.0
600,Singapore,SG,,,,1.35,103.82,72294,confirmed,2021-09-13T00:00:00Z,607.0
601,Singapore,SG,,,,1.35,103.82,73131,confirmed,2021-09-14T00:00:00Z,837.0
602,Singapore,SG,,,,1.35,103.82,73938,confirmed,2021-09-15T00:00:00Z,807.0
603,Singapore,SG,,,,1.35,103.82,74848,confirmed,2021-09-16T00:00:00Z,910.0
604,Singapore,SG,,,,1.35,103.82,75783,confirmed,2021-09-17T00:00:00Z,935.0
605,Singapore,SG,,,,1.35,103.82,76792,confirmed,2021-09-18T00:00:00Z,1009.0
606,Singapore,SG,,,,1.35,103.82,77804,confirmed,2021-09-19T00:00:00Z,1012.0
607,Singapore,SG,,,,1.35,103.82,78721,confirmed,2021-09-20T00:00:00Z,917.0
608,Singapore,SG,,,,1.35,103.82,79899,confirmed,2021-09-21T00:00:00Z,1178.0
609,Singapore,SG,,,,1.35,103.82,81356,confirmed,2021-09-22T00:00:00Z,1457.0
610,Singapore,SG,,,,1.35,103.82,82860,confirmed,2021-09-23T00:00:00Z,1504.0
611,Singapore,SG,,,,1.35,103.82,84510,confirmed,2021-09-24T00:00:00Z,1650.0
612,Singapore,SG,,,,1.35,103.82,85953,confirmed,2021-09-25T00:00:00Z,1443.0
613,Singapore,SG,,,,1.35,103.82,87892,confirmed,2021-09-26T00:00:00Z,1939.0
614,Singapore,SG,,,,1.35,103.82,89539,confirmed,2021-09-27T00:00:00Z,1647.0
615,Singapore,SG,,,,1.35,103.82,91775,confirmed,2021-09-28T00:00:00Z,2236.0
616,Singapore,SG,,,,1.35,103.82,94043,confirmed,2021-09-29T00:00:00Z,2268.0
617,Singapore,SG,,,,1.35,103.82,96521,confirmed,2021-09-30T00:00:00Z,2478.0
618,Singapore,SG,,,,1.35,103.82,99430,confirmed,2021-10-01T00:00:00Z,2909.0
619,Singapore,SG,,,,1.35,103.82,101786,confirmed,2021-10-02T00:00:00Z,2356.0
620,Singapore,SG,,,,1.35,103.82,103843,confirmed,2021-10-03T00:00:00Z,2057.0
621,Singapore,SG,,,,1.35,103.82,106318,confirmed,2021-10-04T00:00:00Z,2475.0
622,Singapore,SG,,,,1.35,103.82,109804,confirmed,2021-10-05T00:00:00Z,3486.0
623,Singapore,SG,,,,1.35,103.82,113381,confirmed,2021-10-06T00:00:00Z,3577.0
624,Singapore,SG,,,,1.35,103.82,116864,confirmed,2021-10-07T00:00:00Z,3483.0
625,Singapore,SG,,,,1.35,103.82,120454,confirmed,2021-10-08T00:00:00Z,3590.0
626,Singapore,SG,,,,1.35,103.82,124157,confirmed,2021-10-09T00:00:00Z,3703.0
627,Singapore,SG,,,,1.35,103.82,126966,confirmed,2021-10-10T00:00:00Z,2809.0
628,Singapore,SG,,,,1.35,103.82,129229,confirmed,2021-10-11T00:00:00Z,2263.0
629,Singapore,SG,,,,1.35,103.82,132205,confirmed,2021-10-12T00:00:00Z,2976.0
630,Singapore,SG,,,,1.35,103.82,135395,confirmed,2021-10-13T00:00:00Z,3190.0
631,Singapore,SG,,,,1.35,103.82,138327,confirmed,2021-10-14T00:00:00Z,2932.0
632,Singapore,SG,,,,1.35,103.82,141772,confirmed,2021-10-15T00:00:00Z,3445.0
633,Singapore,SG,,,,1.35,103.82,145120,confirmed,2021-10-16T00:00:00Z,3348.0
634,Singapore,SG,,,,1.35,103.82,148178,confirmed,2021-10-17T00:00:00Z,3058.0
635,Singapore,SG,,,,1.35,103.82,150731,confirmed,2021-10-18T00:00:00Z,2553.0
636,Singapore,SG,,,,1.35,103.82,154725,confirmed,2021-10-19T00:00:00Z,3994.0
637,Singapore,SG,,,,1.35,103.82,158587,confirmed,2021-10-20T00:00:00Z,3862.0
638,Singapore,SG,,,,1.35,103.82,162026,confirmed,2021-10-21T00:00:00Z,3439.0
639,Singapore,SG,,,,1.35,103.82,165663,confirmed,2021-10-22T00:00:00Z,3637.0
640,Singapore,SG,,,,1.35,103.82,169261,confirmed,2021-10-23T00:00:00Z,3598.0
641,Singapore,SG,,,,1.35,103.82,172644,confirmed,2021-10-24T00:00:00Z,3383.0
642,Singapore,SG,,,,1.35,103.82,175818,confirmed,2021-10-25T00:00:00Z,3174.0
643,Singapore,SG,,,,1.35,103.82,179095,confirmed,2021-10-26T00:00:00Z,3277.0
644,Singapore,SG,,,,1.35,103.82,184419,confirmed,2021-10-27T00:00:00Z,5324.0
645,Singapore,SG,,,,1.35,103.82,187851,confirmed,2021-10-28T00:00:00Z,3432.0
646,Singapore,SG,,,,1.35,103.82,192099,confirmed,2021-10-29T00:00:00Z,4248.0
647,Singapore,SG,,,,1.35,103.82,195211,confirmed,2021-10-30T00:00:00Z,3112.0
648,Singapore,SG,,,,1.35,103.82,198374,confirmed,2021-10-31T00:00:00Z,3163.0
649,Singapore,SG,,,,1.35,103.82,200844,confirmed,2021-11-01T00:00:00Z,2470.0
650,Singapore,SG,,,,1.35,103.82,204340,confirmed,2021-11-02T00:00:00Z,3496.0
651,Singapore,SG,,,,1.35,103.82,207975,confirmed,2021-11-03T00:00:00Z,3635.0
652,Singapore,SG,,,,1.35,103.82,210978,confirmed,2021-11-04T00:00:00Z,3003.0
653,Singapore,SG,,,,1.35,103.82,212745,confirmed,2021-11-05T00:00:00Z,1767.0
654,Singapore,SG,,,,1.35,103.82,215780,confirmed,2021-11-06T00:00:00Z,3035.0
655,Singapore,SG,,,,1.35,103.82,218333,confirmed,2021-11-07T00:00:00Z,2553.0
656,Singapore,SG,,,,1.35,103.82,220803,confirmed,2021-11-08T00:00:00Z,2470.0
657,Singapore,SG,,,,1.35,103.82,224200,confirmed,2021-11-09T00:00:00Z,3397.0
658,Singapore,SG,,,,1.35,103.82,227681,confirmed,2021-11-10T00:00:00Z,3481.0
659,Singapore,SG,,,,1.35,103.82,230077,confirmed,2021-11-11T00:00:00Z,2396.0
660,Singapore,SG,,,,1.35,103.82,233176,confirmed,2021-11-12T00:00:00Z,3099.0
661,Singapore,SG,,,,1.35,103.82,235480,confirmed,2021-11-13T00:00:00Z,2304.0
662,Singapore,SG,,,,1.35,103.82,237203,confirmed,2021-11-14T00:00:00Z,1723.0
663,Singapore,SG,,,,1.35,103.82,239272,confirmed,2021-11-15T00:00:00Z,2069.0
664,Singapore,SG,,,,1.35,103.82,241341,confirmed,2021-11-16T00:00:00Z,2069.0
665,Singapore,SG,,,,1.35,103.82,244815,confirmed,2021-11-17T00:00:00Z,3474.0
666,Singapore,SG,,,,1.35,103.82,244815,confirmed,2021-11-18T00:00:00Z,0.0
667,Singapore,SG,,,,1.35,103.82,248587,confirmed,2021-11-19T00:00:00Z,3772.0
668,Singapore,SG,,,,1.35,103.82,250518,confirmed,2021-11-20T00:00:00Z,1931.0
669,Singapore,SG,,,,1.35,103.82,252188,confirmed,2021-11-21T00:00:00Z,1670.0
670,Singapore,SG,,,,1.35,103.82,253649,confirmed,2021-11-22T00:00:00Z,1461.0
671,Singapore,SG,,,,1.35,103.82,255431,confirmed,2021-11-23T00:00:00Z,1782.0
672,Singapore,SG,,,,1.35,103.82,257510,confirmed,2021-11-24T00:00:00Z,2079.0
673,Singapore,SG,,,,1.35,103.82,258785,confirmed,2021-11-25T00:00:00Z,1275.0
674,Singapore,SG,,,,1.35,103.82,259875,confirmed,2021-11-26T00:00:00Z,1090.0
675,Singapore,SG,,,,1.35,103.82,261636,confirmed,2021-11-27T00:00:00Z,1761.0
676,Singapore,SG,,,,1.35,103.82,262383,confirmed,2021-11-28T00:00:00Z,747.0
677,Singapore,SG,,,,1.35,103.82,263486,confirmed,2021-11-29T00:00:00Z,1103.0
678,Singapore,SG,,,,1.35,103.82,264725,confirmed,2021-11-30T00:00:00Z,1239.0
679,Singapore,SG,,,,1.35,103.82,266049,confirmed,2021-12-01T00:00:00Z,1324.0
680,Singapore,SG,,,,1.35,103.82,267150,confirmed,2021-12-02T00:00:00Z,1101.0
681,Singapore,SG,,,,1.35,103.82,267916,confirmed,2021-12-03T00:00:00Z,766.0
682,Singapore,SG,,,,1.35,103.82,268659,confirmed,2021-12-04T00:00:00Z,743.0
683,Singapore,SG,,,,1.35,103.82,269211,confirmed,2021-12-05T00:00:00Z,552.0
684,Singapore,SG,,,,1.35,103.82,269873,confirmed,2021-12-06T00:00:00Z,662.0
685,Singapore,SG,,,,1.35,103.82,270588,confirmed,2021-12-07T00:00:00Z,715.0
686,Singapore,SG,,,,1.35,103.82,271297,confirmed,2021-12-08T00:00:00Z,709.0
687,Singapore,SG,,,,1.35,103.82,271979,confirmed,2021-12-09T00:00:00Z,682.0
688,Singapore,SG,,,,1.35,103.82,272433,confirmed,2021-12-10T00:00:00Z,454.0
689,Singapore,SG,,,,1.35,103.82,272992,confirmed,2021-12-11T00:00:00Z,559.0
690,Singapore,SG,,,,1.35,103.82,273362,confirmed,2021-12-12T00:00:00Z,370.0
691,Singapore,SG,,,,1.35,103.82,273701,confirmed,2021-12-13T00:00:00Z,339.0
692,Singapore,SG,,,,1.35,103.82,274143,confirmed,2021-12-14T00:00:00Z,442.0
693,Singapore,SG,,,,1.35,103.82,274617,confirmed,2021-12-15T00:00:00Z,474.0
694,Singapore,SG,,,,1.35,103.82,274972,confirmed,2021-12-16T00:00:00Z,355.0
695,Singapore,SG,,,,1.35,103.82,275384,confirmed,2021-12-17T00:00:00Z,412.0
696,Singapore,SG,,,,1.35,103.82,275655,confirmed,2021-12-18T00:00:00Z,271.0
697,Singapore,SG,,,,1.35,103.82,275910,confirmed,2021-12-19T00:00:00Z,255.0
698,Singapore,SG,,,,1.35,103.82,276105,confirmed,2021-12-20T00:00:00Z,195.0
699,Singapore,SG,,,,1.35,103.82,276385,confirmed,2021-12-21T00:00:00Z,280.0
700,Singapore,SG,,,,1.35,103.82,276720,confirmed,2021-12-22T00:00:00Z,335.0
701,Singapore,SG,,,,1.35,103.82,277042,confirmed,2021-12-23T00:00:00Z,322.0
702,Singapore,SG,,,,1.35,103.82,277307,confirmed,2021-12-24T00:00:00Z,265.0
703,Singapore,SG,,,,1.35,103.82,277555,confirmed,2021-12-25T00:00:00Z,248.0
704,Singapore,SG,,,,1.35,103.82,277764,confirmed,2021-12-26T00:00:00Z,209.0
705,Singapore,SG,,,,1.35,103.82,278044,confirmed,2021-12-27T00:00:00Z,280.0
706,Singapore,SG,,,,1.35,103.82,278409,confirmed,2021-12-28T00:00:00Z,365.0
707,Singapore,SG,,,,1.35,103.82,278750,confirmed,2021-12-29T00:00:00Z,341.0
708,Singapore,SG,,,,1.35,103.82,279061,confirmed,2021-12-30T00:00:00Z,311.0
709,Singapore,SG,,,,1.35,103.82,279405,confirmed,2021-12-31T00:00:00Z,344.0
710,Singapore,SG,,,,1.35,103.82,279861,confirmed,2022-01-01T00:00:00Z,456.0
711,Singapore,SG,,,,1.35,103.82,280290,confirmed,2022-01-02T00:00:00Z,429.0
712,Singapore,SG,,,,1.35,103.82,280754,confirmed,2022-01-03T00:00:00Z,464.0
713,Singapore,SG,,,,1.35,103.82,281596,confirmed,2022-01-04T00:00:00Z,842.0
714,Singapore,SG,,,,1.35,103.82,282401,confirmed,2022-01-05T00:00:00Z,805.0
715,Singapore,SG,,,,1.35,103.82,283214,confirmed,2022-01-06T00:00:00Z,813.0
716,Singapore,SG,,,,1.35,103.82,283214,confirmed,2022-01-07T00:00:00Z,0.0
717,Singapore,SG,,,,1.35,103.82,284802,confirmed,2022-01-08T00:00:00Z,1588.0
718,Singapore,SG,,,,1.35,103.82,285647,confirmed,2022-01-09T00:00:00Z,845.0
719,Singapore,SG,,,,1.35,103.82,286397,confirmed,2022-01-10T00:00:00Z,750.0
720,Singapore,SG,,,,1.35,103.82,287243,confirmed,2022-01-11T00:00:00Z,846.0
721,Singapore,SG,,,,1.35,103.82,288125,confirmed,2022-01-12T00:00:00Z,882.0
722,Singapore,SG,,,,1.35,103.82,289085,confirmed,2022-01-13T00:00:00Z,960.0
723,Singapore,SG,,,,1.35,103.82,290030,confirmed,2022-01-14T00:00:00Z,945.0
724,Singapore,SG,,,,1.35,103.82,290986,confirmed,2022-01-15T00:00:00Z,956.0
725,Singapore,SG,,,,1.35,103.82,291849,confirmed,2022-01-16T00:00:00Z,863.0
726,Singapore,SG,,,,1.35,103.82,293014,confirmed,2022-01-17T00:00:00Z,1165.0
727,Singapore,SG,,,,1.35,103.82,294462,confirmed,2022-01-18T00:00:00Z,1448.0
728,Singapore,SG,,,,1.35,103.82,296077,confirmed,2022-01-19T00:00:00Z,1615.0
729,Singapore,SG,,,,1.35,103.82,297549,confirmed,2022-01-20T00:00:00Z,1472.0
730,Singapore,SG,,,,1.35,103.82,307813,confirmed,2022-01-21T00:00:00Z,10264.0
731,Singapore,SG,,,,1.35,103.82,310276,confirmed,2022-01-22T00:00:00Z,2463.0
732,Singapore,SG,,,,1.35,103.82,313772,confirmed,2022-01-23T00:00:00Z,3496.0
733,Singapore,SG,,,,1.35,103.82,316774,confirmed,2022-01-24T00:00:00Z,3002.0
734,Singapore,SG,,,,1.35,103.82,322770,confirmed,2022-01-25T00:00:00Z,5996.0
735,Singapore,SG,,,,1.35,103.82,327602,confirmed,2022-01-26T00:00:00Z,4832.0
736,Singapore,SG,,,,1.35,103.82,333071,confirmed,2022-01-27T00:00:00Z,5469.0
737,Singapore,SG,,,,1.35,103.82,338625,confirmed,2022-01-28T00:00:00Z,5554.0
738,Singapore,SG,,,,1.35,103.82,343832,confirmed,2022-01-29T00:00:00Z,5207.0
739,Singapore,SG,,,,1.35,103.82,348330,confirmed,2022-01-30T00:00:00Z,4498.0
740,Singapore,SG,,,,1.35,103.82,352811,confirmed,2022-01-31T00:00:00Z,4481.0
741,Singapore,SG,,,,1.35,103.82,359075,confirmed,2022-02-01T00:00:00Z,6264.0
742,Singapore,SG,,,,1.35,103.82,362176,confirmed,2022-02-02T00:00:00Z,3101.0
743,Singapore,SG,,,,1.35,103.82,366473,confirmed,2022-02-03T00:00:00Z,4297.0
744,Singapore,SG,,,,1.35,103.82,379681,confirmed,2022-02-04T00:00:00Z,13208.0
745,Singapore,SG,,,,1.35,103.82,379681,confirmed,2022-02-05T00:00:00Z,0.0
746,Singapore,SG,,,,1.35,103.82,390071,confirmed,2022-02-06T00:00:00Z,10390.0
747,Singapore,SG,,,,1.35,103.82,405629,confirmed,2022-02-07T00:00:00Z,15558.0
748,Singapore,SG,,,,1.35,103.82,418640,confirmed,2022-02-08T00:00:00Z,13011.0
749,Singapore,SG,,,,1.35,103.82,428954,confirmed,2022-02-09T00:00:00Z,10314.0
750,Singapore,SG,,,,1.35,103.82,439640,confirmed,2022-02-10T00:00:00Z,10686.0
751,Singapore,SG,,,,1.35,103.82,449570,confirmed,2022-02-11T00:00:00Z,9930.0
752,Singapore,SG,,,,1.35,103.82,460075,confirmed,2022-02-12T00:00:00Z,10505.0
753,Singapore,SG,,,,1.35,103.82,469495,confirmed,2022-02-13T00:00:00Z,9420.0
754,Singapore,SG,,,,1.35,103.82,478577,confirmed,2022-02-14T00:00:00Z,9082.0
755,Singapore,SG,,,,1.35,103.82,497997,confirmed,2022-02-15T00:00:00Z,19420.0
756,Singapore,SG,,,,1.35,103.82,514880,confirmed,2022-02-16T00:00:00Z,16883.0
757,Singapore,SG,,,,1.35,103.82,533425,confirmed,2022-02-17T00:00:00Z,18545.0
758,Singapore,SG,,,,1.35,103.82,551519,confirmed,2022-02-18T00:00:00Z,18094.0
759,Singapore,SG,,,,1.35,103.82,576355,confirmed,2022-02-19T00:00:00Z,24836.0
760,Singapore,SG,,,,1.35,103.82,582638,confirmed,2022-02-20T00:00:00Z,6283.0
761,Singapore,SG,,,,1.35,103.82,596261,confirmed,2022-02-21T00:00:00Z,13623.0
762,Singapore,SG,,,,1.35,103.82,622293,confirmed,2022-02-22T00:00:00Z,26032.0
763,Singapore,SG,,,,1.35,103.82,642605,confirmed,2022-02-23T00:00:00Z,20312.0
764,Singapore,SG,,,,1.35,103.82,661198,confirmed,2022-02-24T00:00:00Z,18593.0
765,Singapore,SG,,,,1.35,103.82,679795,confirmed,2022-02-25T00:00:00Z,18597.0
766,Singapore,SG,,,,1.35,103.82,696652,confirmed,2022-02-26T00:00:00Z,16857.0
767,Singapore,SG,,,,1.35,103.82,710880,confirmed,2022-02-27T00:00:00Z,14228.0
768,Singapore,SG,,,,1.35,103.82,724424,confirmed,2022-02-28T00:00:00Z,13544.0
769,Singapore,SG,,,,1.35,103.82,748504,confirmed,2022-03-01T00:00:00Z,24080.0
770,Singapore,SG,,,,1.35,103.82,767663,confirmed,2022-03-02T00:00:00Z,19159.0
771,Singapore,SG,,,,1.35,103.82,785825,confirmed,2022-03-03T00:00:00Z,18162.0
772,Singapore,SG,,,,1.35,103.82,803389,confirmed,2022-03-04T00:00:00Z,17564.0
773,Singapore,SG,,,,1.35,103.82,819663,confirmed,2022-03-05T00:00:00Z,16274.0
774,Singapore,SG,,,,1.35,103.82,832821,confirmed,2022-03-06T00:00:00Z,13158.0
775,Singapore,SG,,,,1.35,103.82,846341,confirmed,2022-03-07T00:00:00Z,13520.0
776,Singapore,SG,,,,1.35,103.82,846341,confirmed,2022-03-08T00:00:00Z,0.0
777,Singapore,SG,,,,1.35,103.82,885593,confirmed,2022-03-09T00:00:00Z,39252.0
778,Singapore,SG,,,,1.35,103.82,901758,confirmed,2022-03-10T00:00:00Z,16165.0
779,Singapore,SG,,,,1.35,103.82,917103,confirmed,2022-03-11T00:00:00Z,15345.0
780,Singapore,SG,,,,1.35,103.82,929735,confirmed,2022-03-12T00:00:00Z,12632.0
781,Singapore,SG,,,,1.35,103.82,939436,confirmed,2022-03-13T00:00:00Z,9701.0
782,Singapore,SG,,,,1.35,103.82,948478,confirmed,2022-03-14T00:00:00Z,9042.0
783,Singapore,SG,,,,1.35,103.82,964329,confirmed,2022-03-15T00:00:00Z,15851.0
784,Singapore,SG,,,,1.35,103.82,975607,confirmed,2022-03-16T00:00:00Z,11278.0
785,Singapore,SG,,,,1.35,103.82,986320,confirmed,2022-03-17T00:00:00Z,10713.0
786,Singapore,SG,,,,1.35,103.82,996914,confirmed,2022-03-18T00:00:00Z,10594.0
787,Singapore,SG,,,,1.35,103.82,1007158,confirmed,2022-03-19T00:00:00Z,10244.0
788,Singapore,SG,,,,1.35,103.82,1015017,confirmed,2022-03-20T00:00:00Z,7859.0
789,Singapore,SG,,,,1.35,103.82,1022555,confirmed,2022-03-21T00:00:00Z,7538.0
790,Singapore,SG,,,,1.35,103.82,1035721,confirmed,2022-03-22T00:00:00Z,13166.0
791,Singapore,SG,,,,1.35,103.82,1044661,confirmed,2022-03-23T00:00:00Z,8940.0
792,Singapore,SG,,,,1.35,103.82,1053139,confirmed,2022-03-24T00:00:00Z,8478.0
793,Singapore,SG,,,,1.35,103.82,1060723,confirmed,2022-03-25T00:00:00Z,7584.0
794,Singapore,SG,,,,1.35,103.82,1067157,confirmed,2022-03-26T00:00:00Z,6434.0
795,Singapore,SG,,,,1.35,103.82,1067157,confirmed,2022-03-27T00:00:00Z,0.0
796,Singapore,SG,,,,1.35,103.82,1072005,confirmed,2022-03-28T00:00:00Z,4848.0
797,Singapore,SG,,,,1.35,103.82,1085094,confirmed,2022-03-29T00:00:00Z,13089.0
798,Singapore,SG,,,,1.35,103.82,1090823,confirmed,2022-03-30T00:00:00Z,5729.0
799,Singapore,SG,,,,1.35,103.82,1096428,confirmed,2022-03-31T00:00:00Z,5605.0
800,Singapore,SG,,,,1.35,103.82,1101438,confirmed,2022-04-01T00:00:00Z,5010.0
801,Singapore,SG,,,,1.35,103.82,1106001,confirmed,2022-04-02T00:00:00Z,4563.0
802,Singapore,SG,,,,1.35,103.82,1109744,confirmed,2022-04-03T00:00:00Z,3743.0
803,Singapore,SG,,,,1.35,103.82,1109744,confirmed,2022-04-04T00:00:00Z,0.0
804,Singapore,SG,,,,1.35,103.82,1119419,confirmed,2022-04-05T00:00:00Z,9675.0
805,Singapore,SG,,,,1.35,103.82,1123886,confirmed,2022-04-06T00:00:00Z,4467.0
806,Singapore,SG,,,,1.35,103.82,1128155,confirmed,2022-04-07T00:00:00Z,4269.0
807,Singapore,SG,,,,1.35,103.82,1132169,confirmed,2022-04-08T00:00:00Z,4014.0
808,Singapore,SG,,,,1.35,103.82,1135428,confirmed,2022-04-09T00:00:00Z,3259.0
809,Singapore,SG,,,,1.35,103.82,1138001,confirmed,2022-04-10T00:00:00Z,2573.0
810,Singapore,SG,,,,1.35,103.82,1140569,confirmed,2022-04-11T00:00:00Z,2568.0
811,Singapore,SG,,,,1.35,103.82,1145121,confirmed,2022-04-12T00:00:00Z,4552.0
812,Singapore,SG,,,,1.35,103.82,1148656,confirmed,2022-04-13T00:00:00Z,3535.0
813,Singapore,SG,,,,1.35,103.82,1152177,confirmed,2022-04-14T00:00:00Z,3521.0
814,Singapore,SG,,,,1.35,103.82,1155581,confirmed,2022-04-15T00:00:00Z,3404.0
815,Singapore,SG,,,,1.35,103.82,1157251,confirmed,2022-04-16T00:00:00Z,1670.0
816,Singapore,SG,,,,1.35,103.82,1160300,confirmed,2022-04-17T00:00:00Z,3049.0
817,Singapore,SG,,,,1.35,103.82,1162780,confirmed,2022-04-18T00:00:00Z,2480.0
818,Singapore,SG,,,,1.35,103.82,1167498,confirmed,2022-04-19T00:00:00Z,4718.0
819,Singapore,SG,,,,1.35,103.82,1170970,confirmed,2022-04-20T00:00:00Z,3472.0
820,Singapore,SG,,,,1.35,103.82,1174390,confirmed,2022-04-21T00:00:00Z,3420.0
821,Singapore,SG,,,,1.35,103.82,1177415,confirmed,2022-04-22T00:00:00Z,3025.0
822,Singapore,SG,,,,1.35,103.82,1180124,confirmed,2022-04-23T00:00:00Z,2709.0
823,Singapore,SG,,,,1.35,103.82,1182168,confirmed,2022-04-24T00:00:00Z,2044.0
824,Singapore,SG,,,,1.35,103.82,1184226,confirmed,2022-04-25T00:00:00Z,2058.0
825,Singapore,SG,,,,1.35,103.82,1187914,confirmed,2022-04-26T00:00:00Z,3688.0
826,Singapore,SG,,,,1.35,103.82,1187914,confirmed,2022-04-27T00:00:00Z,0.0
827,Singapore,SG,,,,1.35,103.82,1187914,confirmed,2022-04-28T00:00:00Z,0.0
828,Singapore,SG,,,,1.35,103.82,1193250,confirmed,2022-04-29T00:00:00Z,5336.0
829,Singapore,SG,,,,1.35,103.82,1193250,confirmed,2022-04-30T00:00:00Z,0.0
830,Singapore,SG,,,,1.35,103.82,1193250,confirmed,2022-05-01T00:00:00Z,0.0
831,Singapore,SG,,,,1.35,103.82,1200976,confirmed,2022-05-02T00:00:00Z,7726.0
832,Singapore,SG,,,,1.35,103.82,1202546,confirmed,2022-05-03T00:00:00Z,1570.0
833,Singapore,SG,,,,1.35,103.82,1202546,confirmed,2022-05-04T00:00:00Z,0.0
834,Singapore,SG,,,,1.35,103.82,1208917,confirmed,2022-05-05T00:00:00Z,6371.0
835,Singapore,SG,,,,1.35,103.82,1212337,confirmed,2022-05-06T00:00:00Z,3420.0
836,Singapore,SG,,,,1.35,103.82,1215499,confirmed,2022-05-07T00:00:00Z,3162.0
837,Singapore,SG,,,,1.35,103.82,1217922,confirmed,2022-05-08T00:00:00Z,2423.0
838,Singapore,SG,,,,1.35,103.82,1220193,confirmed,2022-05-09T00:00:00Z,2271.0
839,Singapore,SG,,,,1.35,103.82,1225024,confirmed,2022-05-10T00:00:00Z,4831.0
840,Singapore,SG,,,,1.35,103.82,1228914,confirmed,2022-05-11T00:00:00Z,3890.0
841,Singapore,SG,,,,1.35,103.82,1232559,confirmed,2022-05-12T00:00:00Z,3645.0
842,Singapore,SG,,,,1.35,103.82,1236850,confirmed,2022-05-13T00:00:00Z,4291.0
843,Singapore,SG,,,,1.35,103.82,1240233,confirmed,2022-05-14T00:00:00Z,3383.0
844,Singapore,SG,,,,1.35,103.82,1242884,confirmed,2022-05-15T00:00:00Z,2651.0
845,Singapore,SG,,,,1.35,103.82,1245007,confirmed,2022-05-16T00:00:00Z,2123.0
846,Singapore,SG,,,,1.35,103.82,1247671,confirmed,2022-05-17T00:00:00Z,2664.0
847,Singapore,SG,,,,1.35,103.82,1254113,confirmed,2022-05-18T00:00:00Z,6442.0
848,Singapore,SG,,,,1.35,103.82,1258691,confirmed,2022-05-19T00:00:00Z,4578.0
849,Singapore,SG,,,,1.35,103.82,1263033,confirmed,2022-05-20T00:00:00Z,4342.0
850,Singapore,SG,,,,1.35,103.82,1266808,confirmed,2022-05-21T00:00:00Z,3775.0
851,Singapore,SG,,,,1.35,103.82,1269635,confirmed,2022-05-22T00:00:00Z,2827.0
852,Singapore,SG,,,,1.35,103.82,1272386,confirmed,2022-05-23T00:00:00Z,2751.0
853,Singapore,SG,,,,1.35,103.82,1278113,confirmed,2022-05-24T00:00:00Z,5727.0
854,Singapore,SG,,,,1.35,103.82,1282280,confirmed,2022-05-25T00:00:00Z,4167.0
855,Singapore,SG,,,,1.35,103.82,1286216,confirmed,2022-05-26T00:00:00Z,3936.0
856,Singapore,SG,,,,1.35,103.82,1290046,confirmed,2022-05-27T00:00:00Z,3830.0
857,Singapore,SG,,,,1.35,103.82,1293369,confirmed,2022-05-28T00:00:00Z,3323.0
858,Singapore,SG,,,,1.35,103.82,1295920,confirmed,2022-05-29T00:00:00Z,2551.0
859,Singapore,SG,,,,1.35,103.82,1298309,confirmed,2022-05-30T00:00:00Z,2389.0
860,Singapore,SG,,,,1.35,103.82,1303294,confirmed,2022-05-31T00:00:00Z,4985.0
861,Singapore,SG,,,,1.35,103.82,1306871,confirmed,2022-06-01T00:00:00Z,3577.0
862,Singapore,SG,,,,1.35,103.82,1310616,confirmed,2022-06-02T00:00:00Z,3745.0
863,Singapore,SG,,,,1.35,103.82,1313849,confirmed,2022-06-03T00:00:00Z,3233.0
864,Singapore,SG,,,,1.35,103.82,1316728,confirmed,2022-06-04T00:00:00Z,2879.0
865,Singapore,SG,,,,1.35,103.82,1318984,confirmed,2022-06-05T00:00:00Z,2256.0
866,Singapore,SG,,,,1.35,103.82,1321146,confirmed,2022-06-06T00:00:00Z,2162.0
867,Singapore,SG,,,,1.35,103.82,1325623,confirmed,2022-06-07T00:00:00Z,4477.0
868,Singapore,SG,,,,1.35,103.82,1329225,confirmed,2022-06-08T00:00:00Z,3602.0
869,Singapore,SG,,,,1.35,103.82,1332656,confirmed,2022-06-09T00:00:00Z,3431.0
870,Singapore,SG,,,,1.35,103.82,1335625,confirmed,2022-06-10T00:00:00Z,2969.0
871,Singapore,SG,,,,1.35,103.82,1338753,confirmed,2022-06-11T00:00:00Z,3128.0
872,Singapore,SG,,,,1.35,103.82,1341256,confirmed,2022-06-12T00:00:00Z,2503.0
873,Singapore,SG,,,,1.35,103.82,1343645,confirmed,2022-06-13T00:00:00Z,2389.0
874,Singapore,SG,,,,1.35,103.82,1348775,confirmed,2022-06-14T00:00:00Z,5130.0
875,Singapore,SG,,,,1.35,103.82,1352681,confirmed,2022-06-15T00:00:00Z,3906.0
876,Singapore,SG,,,,1.35,103.82,1355801,confirmed,2022-06-16T00:00:00Z,3120.0
877,Singapore,SG,,,,1.35,103.82,1360780,confirmed,2022-06-17T00:00:00Z,4979.0
878,Singapore,SG,,,,1.35,103.82,1364562,confirmed,2022-06-18T00:00:00Z,3782.0
879,Singapore,SG,,,,1.35,103.82,1367761,confirmed,2022-06-19T00:00:00Z,3199.0
880,Singapore,SG,,,,1.35,103.82,1370981,confirmed,2022-06-20T00:00:00Z,3220.0
881,Singapore,SG,,,,1.35,103.82,1378090,confirmed,2022-06-21T00:00:00Z,7109.0
882,Singapore,SG,,,,1.35,103.82,1383952,confirmed,2022-06-22T00:00:00Z,5862.0
883,Singapore,SG,,,,1.35,103.82,1390558,confirmed,2022-06-23T00:00:00Z,6606.0
884,Singapore,SG,,,,1.35,103.82,1397074,confirmed,2022-06-24T00:00:00Z,6516.0
885,Singapore,SG,,,,1.35,103.82,1403242,confirmed,2022-06-25T00:00:00Z,6168.0
886,Singapore,SG,,,,1.35,103.82,1408358,confirmed,2022-06-26T00:00:00Z,5116.0
887,Singapore,SG,,,,1.35,103.82,1413667,confirmed,2022-06-27T00:00:00Z,5309.0
888,Singapore,SG,,,,1.35,103.82,1425171,confirmed,2022-06-28T00:00:00Z,11504.0
889,Singapore,SG,,,,1.35,103.82,1434563,confirmed,2022-06-29T00:00:00Z,9392.0
890,Singapore,SG,,,,1.35,103.82,1444068,confirmed,2022-06-30T00:00:00Z,9505.0
891,Singapore,SG,,,,1.35,103.82,1453155,confirmed,2022-07-01T00:00:00Z,9087.0
892,Singapore,SG,,,,1.35,103.82,1461107,confirmed,2022-07-02T00:00:00Z,7952.0
893,Singapore,SG,,,,1.35,103.82,1467234,confirmed,2022-07-03T00:00:00Z,6127.0
894,Singapore,SG,,,,1.35,103.82,1473180,confirmed,2022-07-04T00:00:00Z,5946.0
895,Singapore,SG,,,,1.35,103.82,1485964,confirmed,2022-07-05T00:00:00Z,12784.0
896,Singapore,SG,,,,1.35,103.82,1495953,confirmed,2022-07-06T00:00:00Z,9989.0
897,Singapore,SG,,,,1.35,103.82,1505938,confirmed,2022-07-07T00:00:00Z,9985.0
898,Singapore,SG,,,,1.35,103.82,1515222,confirmed,2022-07-08T00:00:00Z,9284.0
899,Singapore,SG,,,,1.35,103.82,1523881,confirmed,2022-07-09T00:00:00Z,8659.0
900,Singapore,SG,,,,1.35,103.82,1530304,confirmed,2022-07-10T00:00:00Z,6423.0
901,Singapore,SG,,,,1.35,103.82,1534799,confirmed,2022-07-11T00:00:00Z,4495.0
902,Singapore,SG,,,,1.35,103.82,1540778,confirmed,2022-07-12T00:00:00Z,5979.0
903,Singapore,SG,,,,1.35,103.82,1557648,confirmed,2022-07-13T00:00:00Z,16870.0
904,Singapore,SG,,,,1.35,103.82,1569420,confirmed,2022-07-14T00:00:00Z,11772.0
905,Singapore,SG,,,,1.35,103.82,1579946,confirmed,2022-07-15T00:00:00Z,10526.0
906,Singapore,SG,,,,1.35,103.82,1589099,confirmed,2022-07-16T00:00:00Z,9153.0
907,Singapore,SG,,,,1.35,103.82,1596046,confirmed,2022-07-17T00:00:00Z,6947.0
908,Singapore,SG,,,,1.35,103.82,1602273,confirmed,2022-07-18T00:00:00Z,6227.0
909,Singapore,SG,,,,1.35,103.82,1616067,confirmed,2022-07-19T00:00:00Z,13794.0
910,Singapore,SG,,,,1.35,103.82,1626360,confirmed,2022-07-20T00:00:00Z,10293.0
911,Singapore,SG,,,,1.35,103.82,1636109,confirmed,2022-07-21T00:00:00Z,9749.0
912,Singapore,SG,,,,1.35,103.82,1645092,confirmed,2022-07-22T00:00:00Z,8983.0
913,Singapore,SG,,,,1.35,103.82,1652981,confirmed,2022-07-23T00:00:00Z,7889.0
914,Singapore,SG,,,,1.35,103.82,1659156,confirmed,2022-07-24T00:00:00Z,6175.0
915,Singapore,SG,,,,1.35,103.82,1664707,confirmed,2022-07-25T00:00:00Z,5551.0
916,Singapore,SG,,,,1.35,103.82,1677126,confirmed,2022-07-26T00:00:00Z,12419.0
917,Singapore,SG,,,,1.35,103.82,1685889,confirmed,2022-07-27T00:00:00Z,8763.0
918,Singapore,SG,,,,1.35,103.82,1694454,confirmed,2022-07-28T00:00:00Z,8565.0
919,Singapore,SG,,,,1.35,103.82,1702392,confirmed,2022-07-29T00:00:00Z,7938.0
920,Singapore,SG,,,,1.35,103.82,1708950,confirmed,2022-07-30T00:00:00Z,6558.0
921,Singapore,SG,,,,1.35,103.82,1714056,confirmed,2022-07-31T00:00:00Z,5106.0
922,Singapore,SG,,,,1.35,103.82,1718765,confirmed,2022-08-01T00:00:00Z,4709.0
923,Singapore,SG,,,,1.35,103.82,1728995,confirmed,2022-08-02T00:00:00Z,10230.0
924,Singapore,SG,,,,1.35,103.82,1728995,confirmed,2022-08-03T00:00:00Z,0.0
925,Singapore,SG,,,,1.35,103.82,1742874,confirmed,2022-08-04T00:00:00Z,13879.0
926,Singapore,SG,,,,1.35,103.82,1749144,confirmed,2022-08-05T00:00:00Z,6270.0
927,Singapore,SG,,,,1.35,103.82,1754777,confirmed,2022-08-06T00:00:00Z,5633.0
928,Singapore,SG,,,,1.35,103.82,1759575,confirmed,2022-08-07T00:00:00Z,4798.0
929,Singapore,SG,,,,1.35,103.82,1763116,confirmed,2022-08-08T00:00:00Z,3541.0
930,Singapore,SG,,,,1.35,103.82,1771081,confirmed,2022-08-09T00:00:00Z,7965.0
931,Singapore,SG,,,,1.35,103.82,1773386,confirmed,2022-08-10T00:00:00Z,2305.0
932,Singapore,SG,,,,1.35,103.82,1773386,confirmed,2022-08-11T00:00:00Z,0.0
933,Singapore,SG,,,,1.35,103.82,1786643,confirmed,2022-08-12T00:00:00Z,13257.0
934,Singapore,SG,,,,1.35,103.82,1791046,confirmed,2022-08-13T00:00:00Z,4403.0
935,Singapore,SG,,,,1.35,103.82,1794069,confirmed,2022-08-14T00:00:00Z,3023.0
936,Singapore,SG,,,,1.35,103.82,1794069,confirmed,2022-08-15T00:00:00Z,0.0
937,Singapore,SG,,,,1.35,103.82,1801936,confirmed,2022-08-16T00:00:00Z,7867.0
938,Singapore,SG,,,,1.35,103.82,1805698,confirmed,2022-08-17T00:00:00Z,3762.0
939,Singapore,SG,,,,1.35,103.82,1809251,confirmed,2022-08-18T00:00:00Z,3553.0
940,Singapore,SG,,,,1.35,103.82,1812255,confirmed,2022-08-19T00:00:00Z,3004.0
941,Singapore,SG,,,,1.35,103.82,1814915,confirmed,2022-08-20T00:00:00Z,2660.0
942,Singapore,SG,,,,1.35,103.82,1816866,confirmed,2022-08-21T00:00:00Z,1951.0
943,Singapore,SG,,,,1.35,103.82,1818560,confirmed,2022-08-22T00:00:00Z,1694.0
944,Singapore,SG,,,,1.35,103.82,1822187,confirmed,2022-08-23T00:00:00Z,3627.0
945,Singapore,SG,,,,1.35,103.82,1824832,confirmed,2022-08-24T00:00:00Z,2645.0
946,Singapore,SG,,,,1.35,103.82,1827229,confirmed,2022-08-25T00:00:00Z,2397.0
947,Singapore,SG,,,,1.35,103.82,1829361,confirmed,2022-08-26T00:00:00Z,2132.0
948,Singapore,SG,,,,1.35,103.82,1831332,confirmed,2022-08-27T00:00:00Z,1971.0
949,Singapore,SG,,,,1.35,103.82,1832780,confirmed,2022-08-28T00:00:00Z,1448.0
950,Singapore,SG,,,,1.35,103.82,1834190,confirmed,2022-08-29T00:00:00Z,1410.0
951,Singapore,SG,,,,1.35,103.82,1837090,confirmed,2022-08-30T00:00:00Z,2900.0
952,Singapore,SG,,,,1.35,103.82,1839244,confirmed,2022-08-31T00:00:00Z,2154.0
953,Singapore,SG,,,,1.35,103.82,1841288,confirmed,2022-09-01T00:00:00Z,2044.0
954,Singapore,SG,,,,1.35,103.82,1843236,confirmed,2022-09-02T00:00:00Z,1948.0
955,Singapore,SG,,,,1.35,103.82,1844785,confirmed,2022-09-03T00:00:00Z,1549.0
956,Singapore,SG,,,,1.35,103.82,1846094,confirmed,2022-09-04T00:00:00Z,1309.0
957,Singapore,SG,,,,1.35,103.82,1847270,confirmed,2022-09-05T00:00:00Z,1176.0
958,Singapore,SG,,,,1.35,103.82,1850015,confirmed,2022-09-06T00:00:00Z,2745.0
959,Singapore,SG,,,,1.35,103.82,1852286,confirmed,2022-09-07T00:00:00Z,2271.0
960,Singapore,SG,,,,1.35,103.82,1854455,confirmed,2022-09-08T00:00:00Z,2169.0
961,Singapore,SG,,,,1.35,103.82,1856673,confirmed,2022-09-09T00:00:00Z,2218.0
962,Singapore,SG,,,,1.35,103.82,1858497,confirmed,2022-09-10T00:00:00Z,1824.0
963,Singapore,SG,,,,1.35,103.82,1859937,confirmed,2022-09-11T00:00:00Z,1440.0
964,Singapore,SG,,,,1.35,103.82,1861390,confirmed,2022-09-12T00:00:00Z,1453.0
965,Singapore,SG,,,,1.35,103.82,1864742,confirmed,2022-09-13T00:00:00Z,3352.0
966,Singapore,SG,,,,1.35,103.82,1867168,confirmed,2022-09-14T00:00:00Z,2426.0
967,Singapore,SG,,,,1.35,103.82,1869591,confirmed,2022-09-15T00:00:00Z,2423.0
968,Singapore,SG,,,,1.35,103.82,1871900,confirmed,2022-09-16T00:00:00Z,2309.0
969,Singapore,SG,,,,1.35,103.82,1873747,confirmed,2022-09-17T00:00:00Z,1847.0
970,Singapore,SG,,,,1.35,103.82,1875275,confirmed,2022-09-18T00:00:00Z,1528.0
971,Singapore,SG,,,,1.35,103.82,1876584,confirmed,2022-09-19T00:00:00Z,1309.0
972,Singapore,SG,,,,1.35,103.82,1879806,confirmed,2022-09-20T00:00:00Z,3222.0
973,Singapore,SG,,,,1.35,103.82,1882314,confirmed,2022-09-21T00:00:00Z,2508.0
